date,open,high,low,close,volume
2013-10-03,9.920000076293945,9.920000076293945,9.920000076293945,9.920000076293945,0
2013-10-04,10.0,10.0,10.0,10.0,0
2013-10-07,9.9399995803833,9.9399995803833,9.9399995803833,9.9399995803833,0
2013-10-08,9.739999771118164,9.739999771118164,9.739999771118164,9.739999771118164,0
2013-10-09,9.649999618530273,9.649999618530273,9.649999618530273,9.649999618530273,0
2013-10-10,9.90999984741211,9.90999984741211,9.90999984741211,9.90999984741211,0
2013-10-11,10.050000190734863,10.050000190734863,10.050000190734863,10.050000190734863,0
2013-10-14,10.1899995803833,10.1899995803833,10.1899995803833,10.1899995803833,0
2013-10-15,10.170000076293945,10.170000076293945,10.170000076293945,10.170000076293945,0
2013-10-16,10.239999771118164,10.239999771118164,10.239999771118164,10.239999771118164,0
2013-10-17,10.300000190734863,10.300000190734863,10.300000190734863,10.300000190734863,0
2013-10-18,10.520000457763672,10.520000457763672,10.520000457763672,10.520000457763672,0
2013-10-21,10.600000381469727,10.600000381469727,10.600000381469727,10.600000381469727,0
2013-10-22,10.569999694824219,10.569999694824219,10.569999694824219,10.569999694824219,0
2013-10-23,10.40999984741211,10.40999984741211,10.40999984741211,10.40999984741211,0
2013-10-24,10.449999809265137,10.449999809265137,10.449999809265137,10.449999809265137,0
2013-10-25,10.510000228881836,10.510000228881836,10.510000228881836,10.510000228881836,0
2013-10-28,10.430000305175781,10.430000305175781,10.430000305175781,10.430000305175781,0
2013-10-29,10.520000457763672,10.520000457763672,10.520000457763672,10.520000457763672,0
2013-10-30,10.390000343322754,10.390000343322754,10.390000343322754,10.390000343322754,0
2013-10-31,10.359999656677246,10.359999656677246,10.359999656677246,10.359999656677246,0
2013-11-01,10.279999732971191,10.279999732971191,10.279999732971191,10.279999732971191,0
2013-11-04,10.40999984741211,10.40999984741211,10.40999984741211,10.40999984741211,0
2013-11-05,10.470000267028809,10.470000267028809,10.470000267028809,10.470000267028809,0
2013-11-06,10.579999923706055,10.579999923706055,10.579999923706055,10.579999923706055,0
2013-11-07,10.270000457763672,10.270000457763672,10.270000457763672,10.270000457763672,0
2013-11-08,10.449999809265137,10.449999809265137,10.449999809265137,10.449999809265137,0
2013-11-11,10.479999542236328,10.479999542236328,10.479999542236328,10.479999542236328,0
2013-11-12,10.470000267028809,10.470000267028809,10.470000267028809,10.470000267028809,0
2013-11-13,10.569999694824219,10.569999694824219,10.569999694824219,10.569999694824219,0
2013-11-14,10.59000015258789,10.59000015258789,10.59000015258789,10.59000015258789,0
2013-11-15,10.720000267028809,10.720000267028809,10.720000267028809,10.720000267028809,0
2013-11-18,10.720000267028809,10.720000267028809,10.720000267028809,10.720000267028809,0
2013-11-19,10.59000015258789,10.59000015258789,10.59000015258789,10.59000015258789,0
2013-11-20,10.5600004196167,10.5600004196167,10.5600004196167,10.5600004196167,0
2013-11-21,10.75,10.75,10.75,10.75,0
2013-11-22,10.779999732971191,10.779999732971191,10.779999732971191,10.779999732971191,0
2013-11-25,10.75,10.75,10.75,10.75,0
2013-11-26,10.890000343322754,10.890000343322754,10.890000343322754,10.890000343322754,0
2013-11-27,11.0,11.0,11.0,11.0,0
2013-11-29,11.010000228881836,11.010000228881836,11.010000228881836,11.010000228881836,0
2013-12-02,10.880000114440918,10.880000114440918,10.880000114440918,10.880000114440918,0
2013-12-03,10.819999694824219,10.819999694824219,10.819999694824219,10.819999694824219,0
2013-12-04,10.819999694824219,10.819999694824219,10.819999694824219,10.819999694824219,0
2013-12-05,10.850000381469727,10.850000381469727,10.850000381469727,10.850000381469727,0
2013-12-06,10.949999809265137,10.949999809265137,10.949999809265137,10.949999809265137,0
2013-12-09,10.960000038146973,10.960000038146973,10.960000038146973,10.960000038146973,0
2013-12-10,10.859999656677246,10.859999656677246,10.859999656677246,10.859999656677246,0
2013-12-11,10.770000457763672,10.770000457763672,10.770000457763672,10.770000457763672,0
2013-12-12,10.829999923706055,10.829999923706055,10.829999923706055,10.829999923706055,0
2013-12-13,10.920000076293945,10.920000076293945,10.920000076293945,10.920000076293945,0
2013-12-16,11.029999732971191,11.029999732971191,11.029999732971191,11.029999732971191,0
2013-12-17,11.100000381469727,11.100000381469727,11.100000381469727,11.100000381469727,0
2013-12-18,11.229999542236328,11.229999542236328,11.229999542236328,11.229999542236328,0
2013-12-19,11.1899995803833,11.1899995803833,11.1899995803833,11.1899995803833,0
2013-12-20,11.34000015258789,11.34000015258789,11.34000015258789,11.34000015258789,0
2013-12-23,11.510000228881836,11.510000228881836,11.510000228881836,11.510000228881836,0
2013-12-24,11.529999732971191,11.529999732971191,11.529999732971191,11.529999732971191,0
2013-12-26,11.5,11.5,11.5,11.5,0
2013-12-27,11.539999961853027,11.539999961853027,11.539999961853027,11.539999961853027,0
2013-12-30,11.5600004196167,11.5600004196167,11.5600004196167,11.5600004196167,0
2013-12-31,11.670000076293945,11.670000076293945,11.670000076293945,11.670000076293945,0
2014-01-02,11.5600004196167,11.5600004196167,11.5600004196167,11.5600004196167,0
2014-01-03,11.649999618530273,11.649999618530273,11.649999618530273,11.649999618530273,0
2014-01-06,11.619999885559082,11.619999885559082,11.619999885559082,11.619999885559082,0
2014-01-07,11.829999923706055,11.829999923706055,11.829999923706055,11.829999923706055,0
2014-01-08,11.789999961853027,11.789999961853027,11.789999961853027,11.789999961853027,0
2014-01-09,11.869999885559082,11.869999885559082,11.869999885559082,11.869999885559082,0
2014-01-10,11.880000114440918,11.880000114440918,11.880000114440918,11.880000114440918,0
2014-01-13,11.760000228881836,11.760000228881836,11.760000228881836,11.760000228881836,0
2014-01-14,11.930000305175781,11.930000305175781,11.930000305175781,11.930000305175781,0
2014-01-15,12.100000381469727,12.100000381469727,12.100000381469727,12.100000381469727,0
2014-01-16,12.180000305175781,12.180000305175781,12.180000305175781,12.180000305175781,0
2014-01-17,12.109999656677246,12.109999656677246,12.109999656677246,12.109999656677246,0
2014-01-21,12.149999618530273,12.149999618530273,12.149999618530273,12.149999618530273,0
2014-01-22,12.199999809265137,12.199999809265137,12.199999809265137,12.199999809265137,0
2014-01-23,12.170000076293945,12.170000076293945,12.170000076293945,12.170000076293945,0
2014-01-24,11.890000343322754,11.890000343322754,11.890000343322754,11.890000343322754,0
2014-01-27,11.710000038146973,11.710000038146973,11.710000038146973,11.710000038146973,0
2014-01-28,11.859999656677246,11.859999656677246,11.859999656677246,11.859999656677246,0
2014-01-29,11.680000305175781,11.680000305175781,11.680000305175781,11.680000305175781,0
2014-01-30,11.949999809265137,11.949999809265137,11.949999809265137,11.949999809265137,0
2014-01-31,11.930000305175781,11.930000305175781,11.930000305175781,11.930000305175781,0
2014-02-03,11.539999961853027,11.539999961853027,11.539999961853027,11.539999961853027,0
2014-02-04,11.579999923706055,11.579999923706055,11.579999923706055,11.579999923706055,0
2014-02-05,11.510000228881836,11.510000228881836,11.510000228881836,11.510000228881836,0
2014-02-06,11.609999656677246,11.609999656677246,11.609999656677246,11.609999656677246,0
2014-02-07,11.859999656677246,11.859999656677246,11.859999656677246,11.859999656677246,0
2014-02-10,11.890000343322754,11.890000343322754,11.890000343322754,11.890000343322754,0
2014-02-11,11.979999542236328,11.979999542236328,11.979999542236328,11.979999542236328,0
2014-02-12,12.0,12.0,12.0,12.0,0
2014-02-13,12.149999618530273,12.149999618530273,12.149999618530273,12.149999618530273,0
2014-02-14,12.109999656677246,12.109999656677246,12.109999656677246,12.109999656677246,0
2014-02-18,12.279999732971191,12.279999732971191,12.279999732971191,12.279999732971191,0
2014-02-19,12.1899995803833,12.1899995803833,12.1899995803833,12.1899995803833,0
2014-02-20,12.359999656677246,12.359999656677246,12.359999656677246,12.359999656677246,0
2014-02-21,12.430000305175781,12.430000305175781,12.430000305175781,12.430000305175781,0
2014-02-24,12.489999771118164,12.489999771118164,12.489999771118164,12.489999771118164,0
2014-02-25,12.579999923706055,12.579999923706055,12.579999923706055,12.579999923706055,0
2014-02-26,12.710000038146973,12.710000038146973,12.710000038146973,12.710000038146973,0
2014-02-27,12.770000457763672,12.770000457763672,12.770000457763672,12.770000457763672,0
2014-02-28,12.770000457763672,12.770000457763672,12.770000457763672,12.770000457763672,0
2014-03-03,12.699999809265137,12.699999809265137,12.699999809265137,12.699999809265137,0
2014-03-04,12.979999542236328,12.979999542236328,12.979999542236328,12.979999542236328,0
2014-03-05,13.100000381469727,13.100000381469727,13.100000381469727,13.100000381469727,0
2014-03-06,13.140000343322754,13.140000343322754,13.140000343322754,13.140000343322754,0
2014-03-07,13.319999694824219,13.319999694824219,13.319999694824219,13.319999694824219,0
2014-03-10,13.25,13.25,13.25,13.25,0
2014-03-11,13.100000381469727,13.100000381469727,13.100000381469727,13.100000381469727,0
2014-03-12,13.199999809265137,13.199999809265137,13.199999809265137,13.199999809265137,0
2014-03-13,13.039999961853027,13.039999961853027,13.039999961853027,13.039999961853027,0
2014-03-14,13.050000190734863,13.050000190734863,13.050000190734863,13.050000190734863,0
2014-03-17,13.210000038146973,13.210000038146973,13.210000038146973,13.210000038146973,0
2014-03-18,13.449999809265137,13.449999809265137,13.449999809265137,13.449999809265137,0
2014-03-19,13.34000015258789,13.34000015258789,13.34000015258789,13.34000015258789,0
2014-03-20,13.34000015258789,13.34000015258789,13.34000015258789,13.34000015258789,0
2014-03-21,13.210000038146973,13.210000038146973,13.210000038146973,13.210000038146973,0
2014-03-24,12.890000343322754,12.890000343322754,12.890000343322754,12.890000343322754,0
2014-03-25,12.850000381469727,12.850000381469727,12.850000381469727,12.850000381469727,0
2014-03-26,12.550000190734863,12.550000190734863,12.550000190734863,12.550000190734863,0
2014-03-27,12.5,12.5,12.5,12.5,0
2014-03-28,12.510000228881836,12.510000228881836,12.510000228881836,12.510000228881836,0
2014-03-31,12.729999542236328,12.729999542236328,12.729999542236328,12.729999542236328,0
2014-04-01,12.850000381469727,12.850000381469727,12.850000381469727,12.850000381469727,0
2014-04-02,12.880000114440918,12.880000114440918,12.880000114440918,12.880000114440918,0
2014-04-03,12.6899995803833,12.6899995803833,12.6899995803833,12.6899995803833,0
2014-04-04,12.279999732971191,12.279999732971191,12.279999732971191,12.279999732971191,0
2014-04-07,12.0,12.0,12.0,12.0,0
2014-04-08,12.039999961853027,12.039999961853027,12.039999961853027,12.039999961853027,0
2014-04-09,12.279999732971191,12.279999732971191,12.279999732971191,12.279999732971191,0
2014-04-10,11.880000114440918,11.880000114440918,11.880000114440918,11.880000114440918,0
2014-04-11,11.859999656677246,11.859999656677246,11.859999656677246,11.859999656677246,0
2014-04-14,11.859999656677246,11.859999656677246,11.859999656677246,11.859999656677246,0
2014-04-15,11.8100004196167,11.8100004196167,11.8100004196167,11.8100004196167,0
2014-04-16,12.0,12.0,12.0,12.0,0
2014-04-17,12.0600004196167,12.0600004196167,12.0600004196167,12.0600004196167,0
2014-04-21,12.140000343322754,12.140000343322754,12.140000343322754,12.140000343322754,0
2014-04-22,12.359999656677246,12.359999656677246,12.359999656677246,12.359999656677246,0
2014-04-23,12.229999542236328,12.229999542236328,12.229999542236328,12.229999542236328,0
2014-04-24,12.09000015258789,12.09000015258789,12.09000015258789,12.09000015258789,0
2014-04-25,11.850000381469727,11.850000381469727,11.850000381469727,11.850000381469727,0
2014-04-28,11.65999984741211,11.65999984741211,11.65999984741211,11.65999984741211,0
2014-04-29,11.680000305175781,11.680000305175781,11.680000305175781,11.680000305175781,0
2014-04-30,11.710000038146973,11.710000038146973,11.710000038146973,11.710000038146973,0
2014-05-01,11.789999961853027,11.789999961853027,11.789999961853027,11.789999961853027,0
2014-05-02,11.770000457763672,11.770000457763672,11.770000457763672,11.770000457763672,0
2014-05-05,11.779999732971191,11.779999732971191,11.779999732971191,11.779999732971191,0
2014-05-06,11.619999885559082,11.619999885559082,11.619999885559082,11.619999885559082,0
2014-05-07,11.539999961853027,11.539999961853027,11.539999961853027,11.539999961853027,0
2014-05-08,11.220000267028809,11.220000267028809,11.220000267028809,11.220000267028809,0
2014-05-09,11.390000343322754,11.390000343322754,11.390000343322754,11.390000343322754,0
2014-05-12,11.640000343322754,11.640000343322754,11.640000343322754,11.640000343322754,0
2014-05-13,11.600000381469727,11.600000381469727,11.600000381469727,11.600000381469727,0
2014-05-14,11.5,11.5,11.5,11.5,0
2014-05-15,11.390000343322754,11.390000343322754,11.390000343322754,11.390000343322754,0
2014-05-16,11.470000267028809,11.470000267028809,11.470000267028809,11.470000267028809,0
2014-05-19,11.5600004196167,11.5600004196167,11.5600004196167,11.5600004196167,0
2014-05-20,11.430000305175781,11.430000305175781,11.430000305175781,11.430000305175781,0
2014-05-21,11.479999542236328,11.479999542236328,11.479999542236328,11.479999542236328,0
2014-05-22,11.579999923706055,11.579999923706055,11.579999923706055,11.579999923706055,0
2014-05-23,11.760000228881836,11.760000228881836,11.760000228881836,11.760000228881836,0
2014-05-27,11.90999984741211,11.90999984741211,11.90999984741211,11.90999984741211,0
2014-05-28,11.850000381469727,11.850000381469727,11.850000381469727,11.850000381469727,0
2014-05-29,11.890000343322754,11.890000343322754,11.890000343322754,11.890000343322754,0
2014-05-30,11.819999694824219,11.819999694824219,11.819999694824219,11.819999694824219,0
2014-06-02,11.770000457763672,11.770000457763672,11.770000457763672,11.770000457763672,0
2014-06-03,11.800000190734863,11.800000190734863,11.800000190734863,11.800000190734863,0
2014-06-04,11.869999885559082,11.869999885559082,11.869999885559082,11.869999885559082,0
2014-06-05,12.029999732971191,12.029999732971191,12.029999732971191,12.029999732971191,0
2014-06-06,12.180000305175781,12.180000305175781,12.180000305175781,12.180000305175781,0
2014-06-09,12.260000228881836,12.260000228881836,12.260000228881836,12.260000228881836,0
2014-06-10,12.229999542236328,12.229999542236328,12.229999542236328,12.229999542236328,0
2014-06-11,12.1899995803833,12.1899995803833,12.1899995803833,12.1899995803833,0
2014-06-12,12.149999618530273,12.149999618530273,12.149999618530273,12.149999618530273,0
2014-06-13,12.270000457763672,12.270000457763672,12.270000457763672,12.270000457763672,0
2014-06-16,12.430000305175781,12.430000305175781,12.430000305175781,12.430000305175781,0
2014-06-17,12.520000457763672,12.520000457763672,12.520000457763672,12.520000457763672,0
2014-06-18,12.59000015258789,12.59000015258789,12.59000015258789,12.59000015258789,0
2014-06-19,12.619999885559082,12.619999885559082,12.619999885559082,12.619999885559082,0
2014-06-20,12.739999771118164,12.739999771118164,12.739999771118164,12.739999771118164,0
2014-06-23,12.779999732971191,12.779999732971191,12.779999732971191,12.779999732971191,0
2014-06-24,12.6899995803833,12.6899995803833,12.6899995803833,12.6899995803833,0
2014-06-25,12.8100004196167,12.8100004196167,12.8100004196167,12.8100004196167,0
2014-06-26,12.84000015258789,12.84000015258789,12.84000015258789,12.84000015258789,0
2014-06-27,12.930000305175781,12.930000305175781,12.930000305175781,12.930000305175781,0
2014-06-30,12.9399995803833,12.9399995803833,12.9399995803833,12.9399995803833,0
2014-07-01,13.09000015258789,13.09000015258789,13.09000015258789,13.09000015258789,0
2014-07-02,13.050000190734863,13.050000190734863,13.050000190734863,13.050000190734863,0
2014-07-03,13.109999656677246,13.109999656677246,13.109999656677246,13.109999656677246,0
2014-07-07,12.8100004196167,12.8100004196167,12.8100004196167,12.8100004196167,0
2014-07-08,12.6899995803833,12.6899995803833,12.6899995803833,12.6899995803833,0
2014-07-09,12.649999618530273,12.649999618530273,12.649999618530273,12.649999618530273,0
2014-07-10,12.5600004196167,12.5600004196167,12.5600004196167,12.5600004196167,0
2014-07-11,12.5600004196167,12.5600004196167,12.5600004196167,12.5600004196167,0
2014-07-14,12.680000305175781,12.680000305175781,12.680000305175781,12.680000305175781,0
2014-07-15,12.460000038146973,12.460000038146973,12.460000038146973,12.460000038146973,0
2014-07-16,12.430000305175781,12.430000305175781,12.430000305175781,12.430000305175781,0
2014-07-17,12.270000457763672,12.270000457763672,12.270000457763672,12.270000457763672,0
2014-07-18,12.430000305175781,12.430000305175781,12.430000305175781,12.430000305175781,0
2014-07-21,12.449999809265137,12.449999809265137,12.449999809265137,12.449999809265137,0
2014-07-22,12.479999542236328,12.479999542236328,12.479999542236328,12.479999542236328,0
2014-07-23,12.479999542236328,12.479999542236328,12.479999542236328,12.479999542236328,0
2014-07-24,12.520000457763672,12.520000457763672,12.520000457763672,12.520000457763672,0
2014-07-25,12.420000076293945,12.420000076293945,12.420000076293945,12.420000076293945,0
2014-07-28,12.329999923706055,12.329999923706055,12.329999923706055,12.329999923706055,0
2014-07-29,12.359999656677246,12.359999656677246,12.359999656677246,12.359999656677246,0
2014-07-30,12.4399995803833,12.4399995803833,12.4399995803833,12.4399995803833,0
2014-07-31,12.0600004196167,12.0600004196167,12.0600004196167,12.0600004196167,0
2014-08-01,11.949999809265137,11.949999809265137,11.949999809265137,11.949999809265137,0
2014-08-04,12.119999885559082,12.119999885559082,12.119999885559082,12.119999885559082,0
2014-08-05,12.09000015258789,12.09000015258789,12.09000015258789,12.09000015258789,0
2014-08-06,12.100000381469727,12.100000381469727,12.100000381469727,12.100000381469727,0
2014-08-07,12.039999961853027,12.039999961853027,12.039999961853027,12.039999961853027,0
2014-08-08,12.15999984741211,12.15999984741211,12.15999984741211,12.15999984741211,0
2014-08-11,12.300000190734863,12.300000190734863,12.300000190734863,12.300000190734863,0
2014-08-12,12.210000038146973,12.210000038146973,12.210000038146973,12.210000038146973,0
2014-08-13,12.300000190734863,12.300000190734863,12.300000190734863,12.300000190734863,0
2014-08-14,12.260000228881836,12.260000228881836,12.260000228881836,12.260000228881836,0
2014-08-15,12.239999771118164,12.239999771118164,12.239999771118164,12.239999771118164,0
2014-08-18,12.420000076293945,12.420000076293945,12.420000076293945,12.420000076293945,0
2014-08-19,12.449999809265137,12.449999809265137,12.449999809265137,12.449999809265137,0
2014-08-20,12.420000076293945,12.420000076293945,12.420000076293945,12.420000076293945,0
2014-08-21,12.359999656677246,12.359999656677246,12.359999656677246,12.359999656677246,0
2014-08-22,12.390000343322754,12.390000343322754,12.390000343322754,12.390000343322754,0
2014-08-25,12.40999984741211,12.40999984741211,12.40999984741211,12.40999984741211,0
2014-08-26,12.510000228881836,12.510000228881836,12.510000228881836,12.510000228881836,0
2014-08-27,12.529999732971191,12.529999732971191,12.529999732971191,12.529999732971191,0
2014-08-28,12.479999542236328,12.479999542236328,12.479999542236328,12.479999542236328,0
2014-08-29,12.539999961853027,12.539999961853027,12.539999961853027,12.539999961853027,0
2014-09-02,12.600000381469727,12.600000381469727,12.600000381469727,12.600000381469727,0
2014-09-03,12.569999694824219,12.569999694824219,12.569999694824219,12.569999694824219,0
2014-09-04,12.510000228881836,12.510000228881836,12.510000228881836,12.510000228881836,0
2014-09-05,12.529999732971191,12.529999732971191,12.529999732971191,12.529999732971191,0
2014-09-08,12.579999923706055,12.579999923706055,12.579999923706055,12.579999923706055,0
2014-09-09,12.510000228881836,12.510000228881836,12.510000228881836,12.510000228881836,0
2014-09-10,12.529999732971191,12.529999732971191,12.529999732971191,12.529999732971191,0
2014-09-11,12.5,12.5,12.5,12.5,0
2014-09-12,12.460000038146973,12.460000038146973,12.460000038146973,12.460000038146973,0
2014-09-15,12.1899995803833,12.1899995803833,12.1899995803833,12.1899995803833,0
2014-09-16,12.229999542236328,12.229999542236328,12.229999542236328,12.229999542236328,0
2014-09-17,12.25,12.25,12.25,12.25,0
2014-09-18,12.260000228881836,12.260000228881836,12.260000228881836,12.260000228881836,0
2014-09-19,12.119999885559082,12.119999885559082,12.119999885559082,12.119999885559082,0
2014-09-22,11.930000305175781,11.930000305175781,11.930000305175781,11.930000305175781,0
2014-09-23,11.8100004196167,11.8100004196167,11.8100004196167,11.8100004196167,0
2014-09-24,11.960000038146973,11.960000038146973,11.960000038146973,11.960000038146973,0
2014-09-25,11.760000228881836,11.760000228881836,11.760000228881836,11.760000228881836,0
2014-09-26,11.890000343322754,11.890000343322754,11.890000343322754,11.890000343322754,0
2014-09-29,11.899999618530273,11.899999618530273,11.899999618530273,11.899999618530273,0
2014-09-30,11.710000038146973,11.710000038146973,11.710000038146973,11.710000038146973,0
2014-10-01,11.5,11.5,11.5,11.5,0
2014-10-02,11.6899995803833,11.6899995803833,11.6899995803833,11.6899995803833,0
2014-10-03,11.800000190734863,11.800000190734863,11.800000190734863,11.800000190734863,0
2014-10-06,11.720000267028809,11.720000267028809,11.720000267028809,11.720000267028809,0
2014-10-07,11.539999961853027,11.539999961853027,11.539999961853027,11.539999961853027,0
2014-10-08,11.710000038146973,11.710000038146973,11.710000038146973,11.710000038146973,0
2014-10-09,11.319999694824219,11.319999694824219,11.319999694824219,11.319999694824219,0
2014-10-10,11.130000114440918,11.130000114440918,11.130000114440918,11.130000114440918,0
2014-10-13,11.079999923706055,11.079999923706055,11.079999923706055,11.079999923706055,0
2014-10-14,11.119999885559082,11.119999885559082,11.119999885559082,11.119999885559082,0
2014-10-15,11.270000457763672,11.270000457763672,11.270000457763672,11.270000457763672,0
2014-10-16,11.390000343322754,11.390000343322754,11.390000343322754,11.390000343322754,0
2014-10-17,11.399999618530273,11.399999618530273,11.399999618530273,11.399999618530273,0
2014-10-20,11.4399995803833,11.4399995803833,11.4399995803833,11.4399995803833,0
2014-10-21,11.600000381469727,11.600000381469727,11.600000381469727,11.600000381469727,0
2014-10-22,11.449999809265137,11.449999809265137,11.449999809265137,11.449999809265137,0
2014-10-23,11.680000305175781,11.680000305175781,11.680000305175781,11.680000305175781,0
2014-10-24,11.84000015258789,11.84000015258789,11.84000015258789,11.84000015258789,0
2014-10-27,11.829999923706055,11.829999923706055,11.829999923706055,11.829999923706055,0
2014-10-28,12.119999885559082,12.119999885559082,12.119999885559082,12.119999885559082,0
2014-10-29,12.109999656677246,12.109999656677246,12.109999656677246,12.109999656677246,0
2014-10-30,12.199999809265137,12.199999809265137,12.199999809265137,12.199999809265137,0
2014-10-31,12.300000190734863,12.300000190734863,12.300000190734863,12.300000190734863,0
2014-11-03,12.319999694824219,12.319999694824219,12.319999694824219,12.319999694824219,0
2014-11-04,12.279999732971191,12.279999732971191,12.279999732971191,12.279999732971191,0
2014-11-05,12.229999542236328,12.229999542236328,12.229999542236328,12.229999542236328,0
2014-11-06,12.300000190734863,12.300000190734863,12.300000190734863,12.300000190734863,0
2014-11-07,12.34000015258789,12.34000015258789,12.34000015258789,12.34000015258789,0
2014-11-10,12.449999809265137,12.449999809265137,12.449999809265137,12.449999809265137,0
2014-11-11,12.430000305175781,12.430000305175781,12.430000305175781,12.430000305175781,0
2014-11-12,12.529999732971191,12.529999732971191,12.529999732971191,12.529999732971191,0
2014-11-13,12.4399995803833,12.4399995803833,12.4399995803833,12.4399995803833,0
2014-11-14,12.460000038146973,12.460000038146973,12.460000038146973,12.460000038146973,0
2014-11-17,12.369999885559082,12.369999885559082,12.369999885559082,12.369999885559082,0
2014-11-18,12.510000228881836,12.510000228881836,12.510000228881836,12.510000228881836,0
2014-11-19,12.34000015258789,12.34000015258789,12.34000015258789,12.34000015258789,0
2014-11-20,12.539999961853027,12.539999961853027,12.539999961853027,12.539999961853027,0
2014-11-21,12.539999961853027,12.539999961853027,12.539999961853027,12.539999961853027,0
2014-11-24,12.6899995803833,12.6899995803833,12.6899995803833,12.6899995803833,0
2014-11-25,12.699999809265137,12.699999809265137,12.699999809265137,12.699999809265137,0
2014-11-26,12.779999732971191,12.779999732971191,12.779999732971191,12.779999732971191,0
2014-11-28,12.699999809265137,12.699999809265137,12.699999809265137,12.699999809265137,0
2014-12-01,12.380000114440918,12.380000114440918,12.380000114440918,12.380000114440918,0
2014-12-02,12.539999961853027,12.539999961853027,12.539999961853027,12.539999961853027,0
2014-12-03,12.630000114440918,12.630000114440918,12.630000114440918,12.630000114440918,0
2014-12-04,12.600000381469727,12.600000381469727,12.600000381469727,12.600000381469727,0
2014-12-05,12.739999771118164,12.739999771118164,12.739999771118164,12.739999771118164,0
2014-12-08,12.59000015258789,12.59000015258789,12.59000015258789,12.59000015258789,0
2014-12-09,12.789999961853027,12.789999961853027,12.789999961853027,12.789999961853027,0
2014-12-10,12.619999885559082,12.619999885559082,12.619999885559082,12.619999885559082,0
2014-12-11,12.609999656677246,12.609999656677246,12.609999656677246,12.609999656677246,0
2014-12-12,12.520000457763672,12.520000457763672,12.520000457763672,12.520000457763672,0
2014-12-15,12.279999732971191,12.279999732971191,12.279999732971191,12.279999732971191,0
2014-12-16,12.210000038146973,12.210000038146973,12.210000038146973,12.210000038146973,0
2014-12-17,12.65999984741211,12.65999984741211,12.65999984741211,12.65999984741211,0
2014-12-18,12.960000038146973,12.960000038146973,12.960000038146973,12.960000038146973,0
2014-12-19,13.15999984741211,13.15999984741211,13.15999984741211,13.15999984741211,0
2014-12-22,13.25,13.25,13.25,13.25,0
2014-12-23,13.170000076293945,13.170000076293945,13.170000076293945,13.170000076293945,0
2014-12-24,13.229999542236328,13.229999542236328,13.229999542236328,13.229999542236328,0
2014-12-26,13.319999694824219,13.319999694824219,13.319999694824219,13.319999694824219,0
2014-12-29,13.300000190734863,13.300000190734863,13.300000190734863,13.300000190734863,0
2014-12-30,13.279999732971191,13.279999732971191,13.279999732971191,13.279999732971191,0
2014-12-31,13.279999732971191,13.279999732971191,13.279999732971191,13.279999732971191,0
2015-01-02,13.15999984741211,13.15999984741211,13.15999984741211,13.15999984741211,0
2015-01-05,13.0,13.0,13.0,13.0,0
2015-01-06,12.829999923706055,12.829999923706055,12.829999923706055,12.829999923706055,0
2015-01-07,12.989999771118164,12.989999771118164,12.989999771118164,12.989999771118164,0
2015-01-08,13.229999542236328,13.229999542236328,13.229999542236328,13.229999542236328,0
2015-01-09,13.050000190734863,13.050000190734863,13.050000190734863,13.050000190734863,0
2015-01-12,13.300000190734863,13.300000190734863,13.300000190734863,13.300000190734863,0
2015-01-13,13.369999885559082,13.369999885559082,13.369999885559082,13.369999885559082,0
2015-01-14,13.40999984741211,13.40999984741211,13.40999984741211,13.40999984741211,0
2015-01-15,13.010000228881836,13.010000228881836,13.010000228881836,13.010000228881836,0
2015-01-16,13.279999732971191,13.279999732971191,13.279999732971191,13.279999732971191,0
2015-01-20,13.1899995803833,13.1899995803833,13.1899995803833,13.1899995803833,0
2015-01-21,13.069999694824219,13.069999694824219,13.069999694824219,13.069999694824219,0
2015-01-22,13.270000457763672,13.270000457763672,13.270000457763672,13.270000457763672,0
2015-01-23,13.34000015258789,13.34000015258789,13.34000015258789,13.34000015258789,0
2015-01-26,13.430000305175781,13.430000305175781,13.430000305175781,13.430000305175781,0
2015-01-27,13.34000015258789,13.34000015258789,13.34000015258789,13.34000015258789,0
2015-01-28,13.140000343322754,13.140000343322754,13.140000343322754,13.140000343322754,0
2015-01-29,13.220000267028809,13.220000267028809,13.220000267028809,13.220000267028809,0
2015-01-30,12.979999542236328,12.979999542236328,12.979999542236328,12.979999542236328,0
2015-02-02,12.970000267028809,12.970000267028809,12.970000267028809,12.970000267028809,0
2015-02-03,13.1899995803833,13.1899995803833,13.1899995803833,13.1899995803833,0
2015-02-04,13.170000076293945,13.170000076293945,13.170000076293945,13.170000076293945,0
2015-02-05,13.5,13.5,13.5,13.5,0
2015-02-06,13.470000267028809,13.470000267028809,13.470000267028809,13.470000267028809,0
2015-02-09,13.359999656677246,13.359999656677246,13.359999656677246,13.359999656677246,0
2015-02-10,13.539999961853027,13.539999961853027,13.539999961853027,13.539999961853027,0
2015-02-11,13.579999923706055,13.579999923706055,13.579999923706055,13.579999923706055,0
2015-02-12,13.6899995803833,13.6899995803833,13.6899995803833,13.6899995803833,0
2015-02-13,13.760000228881836,13.760000228881836,13.760000228881836,13.760000228881836,0
2015-02-17,13.760000228881836,13.760000228881836,13.760000228881836,13.760000228881836,0
2015-02-18,13.739999771118164,13.739999771118164,13.739999771118164,13.739999771118164,0
2015-02-19,13.779999732971191,13.779999732971191,13.779999732971191,13.779999732971191,0
2015-02-20,13.779999732971191,13.779999732971191,13.779999732971191,13.779999732971191,0
2015-02-23,13.789999961853027,13.789999961853027,13.789999961853027,13.789999961853027,0
2015-02-24,13.779999732971191,13.779999732971191,13.779999732971191,13.779999732971191,0
2015-02-25,13.970000267028809,13.970000267028809,13.970000267028809,13.970000267028809,0
2015-02-26,13.949999809265137,13.949999809265137,13.949999809265137,13.949999809265137,0
2015-02-27,14.010000228881836,14.010000228881836,14.010000228881836,14.010000228881836,0
2015-03-02,14.029999732971191,14.029999732971191,14.029999732971191,14.029999732971191,0
2015-03-03,13.9399995803833,13.9399995803833,13.9399995803833,13.9399995803833,0
2015-03-04,13.930000305175781,13.930000305175781,13.930000305175781,13.930000305175781,0
2015-03-05,13.970000267028809,13.970000267028809,13.970000267028809,13.970000267028809,0
2015-03-06,13.819999694824219,13.819999694824219,13.819999694824219,13.819999694824219,0
2015-03-09,13.8100004196167,13.8100004196167,13.8100004196167,13.8100004196167,0
2015-03-10,13.640000343322754,13.640000343322754,13.640000343322754,13.640000343322754,0
2015-03-11,13.640000343322754,13.640000343322754,13.640000343322754,13.640000343322754,0
2015-03-12,13.779999732971191,13.779999732971191,13.779999732971191,13.779999732971191,0
2015-03-13,13.789999961853027,13.789999961853027,13.789999961853027,13.789999961853027,0
2015-03-16,13.869999885559082,13.869999885559082,13.869999885559082,13.869999885559082,0
2015-03-17,14.039999961853027,14.039999961853027,14.039999961853027,14.039999961853027,0
2015-03-18,14.140000343322754,14.140000343322754,14.140000343322754,14.140000343322754,0
2015-03-19,14.229999542236328,14.229999542236328,14.229999542236328,14.229999542236328,0
2015-03-20,14.380000114440918,14.380000114440918,14.380000114440918,14.380000114440918,0
2015-03-23,14.40999984741211,14.40999984741211,14.40999984741211,14.40999984741211,0
2015-03-24,14.369999885559082,14.369999885559082,14.369999885559082,14.369999885559082,0
2015-03-25,13.989999771118164,13.989999771118164,13.989999771118164,13.989999771118164,0
2015-03-26,14.0,14.0,14.0,14.0,0
2015-03-27,14.020000457763672,14.020000457763672,14.020000457763672,14.020000457763672,0
2015-03-30,14.220000267028809,14.220000267028809,14.220000267028809,14.220000267028809,0
2015-03-31,14.180000305175781,14.180000305175781,14.180000305175781,14.180000305175781,0
2015-04-01,14.15999984741211,14.15999984741211,14.15999984741211,14.15999984741211,0
2015-04-02,14.25,14.25,14.25,14.25,0
2015-04-06,14.329999923706055,14.329999923706055,14.329999923706055,14.329999923706055,0
2015-04-07,14.3100004196167,14.3100004196167,14.3100004196167,14.3100004196167,0
2015-04-08,14.470000267028809,14.470000267028809,14.470000267028809,14.470000267028809,0
2015-04-09,14.470000267028809,14.470000267028809,14.470000267028809,14.470000267028809,0
2015-04-10,14.569999694824219,14.569999694824219,14.569999694824219,14.569999694824219,0
2015-04-13,14.5600004196167,14.5600004196167,14.5600004196167,14.5600004196167,0
2015-04-14,14.550000190734863,14.550000190734863,14.550000190734863,14.550000190734863,0
2015-04-15,14.6899995803833,14.6899995803833,14.6899995803833,14.6899995803833,0
2015-04-16,14.699999809265137,14.699999809265137,14.699999809265137,14.699999809265137,0
2015-04-17,14.479999542236328,14.479999542236328,14.479999542236328,14.479999542236328,0
2015-04-20,14.630000114440918,14.630000114440918,14.630000114440918,14.630000114440918,0
2015-04-21,14.680000305175781,14.680000305175781,14.680000305175781,14.680000305175781,0
2015-04-22,14.600000381469727,14.600000381469727,14.600000381469727,14.600000381469727,0
2015-04-23,14.649999618530273,14.649999618530273,14.649999618530273,14.649999618530273,0
2015-04-24,14.300000190734863,14.300000190734863,14.300000190734863,14.300000190734863,0
2015-04-27,14.170000076293945,14.170000076293945,14.170000076293945,14.170000076293945,0
2015-04-28,14.239999771118164,14.239999771118164,14.239999771118164,14.239999771118164,0
2015-04-29,14.079999923706055,14.079999923706055,14.079999923706055,14.079999923706055,0
2015-04-30,13.8100004196167,13.8100004196167,13.8100004196167,13.8100004196167,0
2015-05-01,13.829999923706055,13.829999923706055,13.829999923706055,13.829999923706055,0
2015-05-04,14.029999732971191,14.029999732971191,14.029999732971191,14.029999732971191,0
2015-05-05,13.640000343322754,13.640000343322754,13.640000343322754,13.640000343322754,0
2015-05-06,13.59000015258789,13.59000015258789,13.59000015258789,13.59000015258789,0
2015-05-07,13.529999732971191,13.529999732971191,13.529999732971191,13.529999732971191,0
2015-05-08,13.380000114440918,13.380000114440918,13.380000114440918,13.380000114440918,0
2015-05-11,13.390000343322754,13.390000343322754,13.390000343322754,13.390000343322754,0
2015-05-12,13.329999923706055,13.329999923706055,13.329999923706055,13.329999923706055,0
2015-05-13,13.3100004196167,13.3100004196167,13.3100004196167,13.3100004196167,0
2015-05-14,13.479999542236328,13.479999542236328,13.479999542236328,13.479999542236328,0
2015-05-15,13.390000343322754,13.390000343322754,13.390000343322754,13.390000343322754,0
2015-05-18,13.510000228881836,13.510000228881836,13.510000228881836,13.510000228881836,0
2015-05-19,13.489999771118164,13.489999771118164,13.489999771118164,13.489999771118164,0
2015-05-20,13.460000038146973,13.460000038146973,13.460000038146973,13.460000038146973,0
2015-05-21,13.5,13.5,13.5,13.5,0
2015-05-22,13.5,13.5,13.5,13.5,0
2015-05-26,13.34000015258789,13.34000015258789,13.34000015258789,13.34000015258789,0
2015-05-27,13.489999771118164,13.489999771118164,13.489999771118164,13.489999771118164,0
2015-05-28,13.470000267028809,13.470000267028809,13.470000267028809,13.470000267028809,0
2015-05-29,13.460000038146973,13.460000038146973,13.460000038146973,13.460000038146973,0
2015-06-01,13.510000228881836,13.510000228881836,13.510000228881836,13.510000228881836,0
2015-06-02,13.520000457763672,13.520000457763672,13.520000457763672,13.520000457763672,0
2015-06-03,13.670000076293945,13.670000076293945,13.670000076293945,13.670000076293945,0
2015-06-04,13.600000381469727,13.600000381469727,13.600000381469727,13.600000381469727,0
2015-06-05,13.779999732971191,13.779999732971191,13.779999732971191,13.779999732971191,0
2015-06-08,13.770000457763672,13.770000457763672,13.770000457763672,13.770000457763672,0
2015-06-09,13.770000457763672,13.770000457763672,13.770000457763672,13.770000457763672,0
2015-06-10,13.989999771118164,13.989999771118164,13.989999771118164,13.989999771118164,0
2015-06-11,13.989999771118164,13.989999771118164,13.989999771118164,13.989999771118164,0
2015-06-12,14.0600004196167,14.0600004196167,14.0600004196167,14.0600004196167,0
2015-06-15,14.119999885559082,14.119999885559082,14.119999885559082,14.119999885559082,0
2015-06-16,14.199999809265137,14.199999809265137,14.199999809265137,14.199999809265137,0
2015-06-17,14.199999809265137,14.199999809265137,14.199999809265137,14.199999809265137,0
2015-06-18,14.279999732971191,14.279999732971191,14.279999732971191,14.279999732971191,0
2015-06-19,14.25,14.25,14.25,14.25,0
2015-06-22,14.350000381469727,14.350000381469727,14.350000381469727,14.350000381469727,0
2015-06-23,14.350000381469727,14.350000381469727,14.350000381469727,14.350000381469727,0
2015-06-24,14.15999984741211,14.15999984741211,14.15999984741211,14.15999984741211,0
2015-06-25,14.239999771118164,14.239999771118164,14.239999771118164,14.239999771118164,0
2015-06-26,14.140000343322754,14.140000343322754,14.140000343322754,14.140000343322754,0
2015-06-29,13.770000457763672,13.770000457763672,13.770000457763672,13.770000457763672,0
2015-06-30,13.9399995803833,13.9399995803833,13.9399995803833,13.9399995803833,0
2015-07-01,13.880000114440918,13.880000114440918,13.880000114440918,13.880000114440918,0
2015-07-02,13.789999961853027,13.789999961853027,13.789999961853027,13.789999961853027,0
2015-07-06,13.789999961853027,13.789999961853027,13.789999961853027,13.789999961853027,0
2015-07-07,13.84000015258789,13.84000015258789,13.84000015258789,13.84000015258789,0
2015-07-08,13.600000381469727,13.600000381469727,13.600000381469727,13.600000381469727,0
2015-07-09,13.8100004196167,13.8100004196167,13.8100004196167,13.8100004196167,0
2015-07-10,13.979999542236328,13.979999542236328,13.979999542236328,13.979999542236328,0
2015-07-13,14.069999694824219,14.069999694824219,14.069999694824219,14.069999694824219,0
2015-07-14,14.130000114440918,14.130000114440918,14.130000114440918,14.130000114440918,0
2015-07-15,13.949999809265137,13.949999809265137,13.949999809265137,13.949999809265137,0
2015-07-16,14.0600004196167,14.0600004196167,14.0600004196167,14.0600004196167,0
2015-07-17,14.039999961853027,14.039999961853027,14.039999961853027,14.039999961853027,0
2015-07-20,13.899999618530273,13.899999618530273,13.899999618530273,13.899999618530273,0
2015-07-21,13.890000343322754,13.890000343322754,13.890000343322754,13.890000343322754,0
2015-07-22,13.850000381469727,13.850000381469727,13.850000381469727,13.850000381469727,0
2015-07-23,14.020000457763672,14.020000457763672,14.020000457763672,14.020000457763672,0
2015-07-24,13.699999809265137,13.699999809265137,13.699999809265137,13.699999809265137,0
2015-07-27,13.420000076293945,13.420000076293945,13.420000076293945,13.420000076293945,0
2015-07-28,13.479999542236328,13.479999542236328,13.479999542236328,13.479999542236328,0
2015-07-29,13.609999656677246,13.609999656677246,13.609999656677246,13.609999656677246,0
2015-07-30,13.5600004196167,13.5600004196167,13.5600004196167,13.5600004196167,0
2015-07-31,13.579999923706055,13.579999923706055,13.579999923706055,13.579999923706055,0
2015-08-03,13.489999771118164,13.489999771118164,13.489999771118164,13.489999771118164,0
2015-08-04,13.420000076293945,13.420000076293945,13.420000076293945,13.420000076293945,0
2015-08-05,13.359999656677246,13.359999656677246,13.359999656677246,13.359999656677246,0
2015-08-06,13.180000305175781,13.180000305175781,13.180000305175781,13.180000305175781,0
2015-08-07,13.119999885559082,13.119999885559082,13.119999885559082,13.119999885559082,0
2015-08-10,13.300000190734863,13.300000190734863,13.300000190734863,13.300000190734863,0
2015-08-11,13.130000114440918,13.130000114440918,13.130000114440918,13.130000114440918,0
2015-08-12,13.15999984741211,13.15999984741211,13.15999984741211,13.15999984741211,0
2015-08-13,13.170000076293945,13.170000076293945,13.170000076293945,13.170000076293945,0
2015-08-14,13.170000076293945,13.170000076293945,13.170000076293945,13.170000076293945,0
2015-08-17,13.279999732971191,13.279999732971191,13.279999732971191,13.279999732971191,0
2015-08-18,13.239999771118164,13.239999771118164,13.239999771118164,13.239999771118164,0
2015-08-19,13.079999923706055,13.079999923706055,13.079999923706055,13.079999923706055,0
2015-08-20,12.800000190734863,12.800000190734863,12.800000190734863,12.800000190734863,0
2015-08-21,12.579999923706055,12.579999923706055,12.579999923706055,12.579999923706055,0
2015-08-24,12.100000381469727,12.100000381469727,12.100000381469727,12.100000381469727,0
2015-08-25,12.079999923706055,12.079999923706055,12.079999923706055,12.079999923706055,0
2015-08-26,12.300000190734863,12.300000190734863,12.300000190734863,12.300000190734863,0
2015-08-27,12.510000228881836,12.510000228881836,12.510000228881836,12.510000228881836,0
2015-08-28,12.699999809265137,12.699999809265137,12.699999809265137,12.699999809265137,0
2015-08-31,12.680000305175781,12.680000305175781,12.680000305175781,12.680000305175781,0
2015-09-01,12.399999618530273,12.399999618530273,12.399999618530273,12.399999618530273,0
2015-09-02,12.619999885559082,12.619999885559082,12.619999885559082,12.619999885559082,0
2015-09-03,12.59000015258789,12.59000015258789,12.59000015258789,12.59000015258789,0
2015-09-04,12.510000228881836,12.510000228881836,12.510000228881836,12.510000228881836,0
2015-09-08,12.729999542236328,12.729999542236328,12.729999542236328,12.729999542236328,0
2015-09-09,12.529999732971191,12.529999732971191,12.529999732971191,12.529999732971191,0
2015-09-10,12.59000015258789,12.59000015258789,12.59000015258789,12.59000015258789,0
2015-09-11,12.5600004196167,12.5600004196167,12.5600004196167,12.5600004196167,0
2015-09-14,12.489999771118164,12.489999771118164,12.489999771118164,12.489999771118164,0
2015-09-15,12.550000190734863,12.550000190734863,12.550000190734863,12.550000190734863,0
2015-09-16,12.619999885559082,12.619999885559082,12.619999885559082,12.619999885559082,0
2015-09-17,12.670000076293945,12.670000076293945,12.670000076293945,12.670000076293945,0
2015-09-18,12.489999771118164,12.489999771118164,12.489999771118164,12.489999771118164,0
2015-09-21,12.380000114440918,12.380000114440918,12.380000114440918,12.380000114440918,0
2015-09-22,12.149999618530273,12.149999618530273,12.149999618530273,12.149999618530273,0
2015-09-23,12.0600004196167,12.0600004196167,12.0600004196167,12.0600004196167,0
2015-09-24,11.829999923706055,11.829999923706055,11.829999923706055,11.829999923706055,0
2015-09-25,11.550000190734863,11.550000190734863,11.550000190734863,11.550000190734863,0
2015-09-28,11.130000114440918,11.130000114440918,11.130000114440918,11.130000114440918,0
2015-09-29,11.010000228881836,11.010000228881836,11.010000228881836,11.010000228881836,0
2015-09-30,11.180000305175781,11.180000305175781,11.180000305175781,11.180000305175781,0
2015-10-01,11.100000381469727,11.100000381469727,11.100000381469727,11.100000381469727,0
2015-10-02,11.300000190734863,11.300000190734863,11.300000190734863,11.300000190734863,0
2015-10-05,11.520000457763672,11.520000457763672,11.520000457763672,11.520000457763672,0
2015-10-06,11.399999618530273,11.399999618530273,11.399999618530273,11.399999618530273,0
2015-10-07,11.619999885559082,11.619999885559082,11.619999885559082,11.619999885559082,0
2015-10-08,11.710000038146973,11.710000038146973,11.710000038146973,11.710000038146973,0
2015-10-09,11.699999809265137,11.699999809265137,11.699999809265137,11.699999809265137,0
2015-10-12,11.640000343322754,11.640000343322754,11.640000343322754,11.640000343322754,0
2015-10-13,11.510000228881836,11.510000228881836,11.510000228881836,11.510000228881836,0
2015-10-14,11.430000305175781,11.430000305175781,11.430000305175781,11.430000305175781,0
2015-10-15,11.699999809265137,11.699999809265137,11.699999809265137,11.699999809265137,0
2015-10-16,11.6899995803833,11.6899995803833,11.6899995803833,11.6899995803833,0
2015-10-19,11.710000038146973,11.710000038146973,11.710000038146973,11.710000038146973,0
2015-10-20,11.65999984741211,11.65999984741211,11.65999984741211,11.65999984741211,0
2015-10-21,11.430000305175781,11.430000305175781,11.430000305175781,11.430000305175781,0
2015-10-22,11.420000076293945,11.420000076293945,11.420000076293945,11.420000076293945,0
2015-10-23,11.520000457763672,11.520000457763672,11.520000457763672,11.520000457763672,0
2015-10-26,11.430000305175781,11.430000305175781,11.430000305175781,11.430000305175781,0
2015-10-27,11.279999732971191,11.279999732971191,11.279999732971191,11.279999732971191,0
2015-10-28,11.5600004196167,11.5600004196167,11.5600004196167,11.5600004196167,0
2015-10-29,11.479999542236328,11.479999542236328,11.479999542236328,11.479999542236328,0
2015-10-30,11.359999656677246,11.359999656677246,11.359999656677246,11.359999656677246,0
2015-11-02,11.630000114440918,11.630000114440918,11.630000114440918,11.630000114440918,0
2015-11-03,11.729999542236328,11.729999542236328,11.729999542236328,11.729999542236328,0
2015-11-04,11.640000343322754,11.640000343322754,11.640000343322754,11.640000343322754,0
2015-11-05,11.539999961853027,11.539999961853027,11.539999961853027,11.539999961853027,0
2015-11-06,11.569999694824219,11.569999694824219,11.569999694824219,11.569999694824219,0
2015-11-09,11.399999618530273,11.399999618530273,11.399999618530273,11.399999618530273,0
2015-11-10,11.3100004196167,11.3100004196167,11.3100004196167,11.3100004196167,0
2015-11-11,11.270000457763672,11.270000457763672,11.270000457763672,11.270000457763672,0
2015-11-12,11.130000114440918,11.130000114440918,11.130000114440918,11.130000114440918,0
2015-11-13,11.050000190734863,11.050000190734863,11.050000190734863,11.050000190734863,0
2015-11-16,11.130000114440918,11.130000114440918,11.130000114440918,11.130000114440918,0
2015-11-17,11.149999618530273,11.149999618530273,11.149999618530273,11.149999618530273,0
2015-11-18,11.279999732971191,11.279999732971191,11.279999732971191,11.279999732971191,0
2015-11-19,11.1899995803833,11.1899995803833,11.1899995803833,11.1899995803833,0
2015-11-20,11.300000190734863,11.300000190734863,11.300000190734863,11.300000190734863,0
2015-11-23,11.329999923706055,11.329999923706055,11.329999923706055,11.329999923706055,0
2015-11-24,11.369999885559082,11.369999885559082,11.369999885559082,11.369999885559082,0
2015-11-25,11.529999732971191,11.529999732971191,11.529999732971191,11.529999732971191,0
2015-11-27,11.5600004196167,11.5600004196167,11.5600004196167,11.5600004196167,0
2015-11-30,11.489999771118164,11.489999771118164,11.489999771118164,11.489999771118164,0
2015-12-01,11.5,11.5,11.5,11.5,0
2015-12-02,11.449999809265137,11.449999809265137,11.449999809265137,11.449999809265137,0
2015-12-03,11.289999961853027,11.289999961853027,11.289999961853027,11.289999961853027,0
2015-12-04,11.380000114440918,11.380000114440918,11.380000114440918,11.380000114440918,0
2015-12-07,11.260000228881836,11.260000228881836,11.260000228881836,11.260000228881836,0
2015-12-08,11.300000190734863,11.300000190734863,11.300000190734863,11.300000190734863,0
2015-12-09,11.25,11.25,11.25,11.25,0
2015-12-10,11.3100004196167,11.3100004196167,11.3100004196167,11.3100004196167,0
2015-12-11,11.109999656677246,11.109999656677246,11.109999656677246,11.109999656677246,0
2015-12-14,10.979999542236328,10.979999542236328,10.979999542236328,10.979999542236328,0
2015-12-15,11.15999984741211,11.15999984741211,11.15999984741211,11.15999984741211,0
2015-12-16,11.319999694824219,11.319999694824219,11.319999694824219,11.319999694824219,0
2015-12-17,11.199999809265137,11.199999809265137,11.199999809265137,11.199999809265137,0
2015-12-18,11.109999656677246,11.109999656677246,11.109999656677246,11.109999656677246,0
2015-12-21,11.180000305175781,11.180000305175781,11.180000305175781,11.180000305175781,0
2015-12-22,11.300000190734863,11.300000190734863,11.300000190734863,11.300000190734863,0
2015-12-23,11.4399995803833,11.4399995803833,11.4399995803833,11.4399995803833,0
2015-12-24,11.5,11.5,11.5,11.5,0
2015-12-28,11.430000305175781,11.430000305175781,11.430000305175781,11.430000305175781,0
2015-12-29,11.550000190734863,11.550000190734863,11.550000190734863,11.550000190734863,0
2015-12-30,11.4399995803833,11.4399995803833,11.4399995803833,11.4399995803833,0
2015-12-31,11.350000381469727,11.350000381469727,11.350000381469727,11.350000381469727,0
2016-01-04,11.100000381469727,11.100000381469727,11.100000381469727,11.100000381469727,0
2016-01-05,11.09000015258789,11.09000015258789,11.09000015258789,11.09000015258789,0
2016-01-06,10.90999984741211,10.90999984741211,10.90999984741211,10.90999984741211,0
2016-01-07,10.579999923706055,10.579999923706055,10.579999923706055,10.579999923706055,0
2016-01-08,10.4399995803833,10.4399995803833,10.4399995803833,10.4399995803833,0
2016-01-11,10.4399995803833,10.4399995803833,10.4399995803833,10.4399995803833,0
2016-01-12,10.479999542236328,10.479999542236328,10.479999542236328,10.479999542236328,0
2016-01-13,10.180000305175781,10.180000305175781,10.180000305175781,10.180000305175781,0
2016-01-14,10.279999732971191,10.279999732971191,10.279999732971191,10.279999732971191,0
2016-01-15,10.15999984741211,10.15999984741211,10.15999984741211,10.15999984741211,0
2016-01-19,9.979999542236328,9.979999542236328,9.979999542236328,9.979999542236328,0
2016-01-20,9.989999771118164,9.989999771118164,9.989999771118164,9.989999771118164,0
2016-01-21,10.0,10.0,10.0,10.0,0
2016-01-22,10.25,10.25,10.25,10.25,0
2016-01-25,10.050000190734863,10.050000190734863,10.050000190734863,10.050000190734863,0
2016-01-26,10.130000114440918,10.130000114440918,10.130000114440918,10.130000114440918,0
2016-01-27,9.90999984741211,9.90999984741211,9.90999984741211,9.90999984741211,0
2016-01-28,9.869999885559082,9.869999885559082,9.869999885559082,9.869999885559082,0
2016-01-29,10.100000381469727,10.100000381469727,10.100000381469727,10.100000381469727,0
2016-02-01,10.130000114440918,10.130000114440918,10.130000114440918,10.130000114440918,0
2016-02-02,9.949999809265137,9.949999809265137,9.949999809265137,9.949999809265137,0
2016-02-03,9.949999809265137,9.949999809265137,9.949999809265137,9.949999809265137,0
2016-02-04,10.010000228881836,10.010000228881836,10.010000228881836,10.010000228881836,0
2016-02-05,9.670000076293945,9.670000076293945,9.670000076293945,9.670000076293945,0
2016-02-08,9.380000114440918,9.380000114440918,9.380000114440918,9.380000114440918,0
2016-02-09,9.270000457763672,9.270000457763672,9.270000457763672,9.270000457763672,0
2016-02-10,9.350000381469727,9.350000381469727,9.350000381469727,9.350000381469727,0
2016-02-11,9.25,9.25,9.25,9.25,0
2016-02-12,9.399999618530273,9.399999618530273,9.399999618530273,9.399999618530273,0
2016-02-16,9.600000381469727,9.600000381469727,9.600000381469727,9.600000381469727,0
2016-02-17,9.819999694824219,9.819999694824219,9.819999694824219,9.819999694824219,0
2016-02-18,9.710000038146973,9.710000038146973,9.710000038146973,9.710000038146973,0
2016-02-19,9.770000457763672,9.770000457763672,9.770000457763672,9.770000457763672,0
2016-02-22,9.819999694824219,9.819999694824219,9.819999694824219,9.819999694824219,0
2016-02-23,9.760000228881836,9.760000228881836,9.760000228881836,9.760000228881836,0
2016-02-24,9.90999984741211,9.90999984741211,9.90999984741211,9.90999984741211,0
2016-02-25,9.989999771118164,9.989999771118164,9.989999771118164,9.989999771118164,0
2016-02-26,10.119999885559082,10.119999885559082,10.119999885559082,10.119999885559082,0
2016-02-29,10.050000190734863,10.050000190734863,10.050000190734863,10.050000190734863,0
2016-03-01,10.220000267028809,10.220000267028809,10.220000267028809,10.220000267028809,0
2016-03-02,10.369999885559082,10.369999885559082,10.369999885559082,10.369999885559082,0
2016-03-03,10.40999984741211,10.40999984741211,10.40999984741211,10.40999984741211,0
2016-03-04,10.520000457763672,10.520000457763672,10.520000457763672,10.520000457763672,0
2016-03-07,10.569999694824219,10.569999694824219,10.569999694824219,10.569999694824219,0
2016-03-08,10.270000457763672,10.270000457763672,10.270000457763672,10.270000457763672,0
2016-03-09,10.34000015258789,10.34000015258789,10.34000015258789,10.34000015258789,0
2016-03-10,10.220000267028809,10.220000267028809,10.220000267028809,10.220000267028809,0
2016-03-11,10.470000267028809,10.470000267028809,10.470000267028809,10.470000267028809,0
2016-03-14,10.479999542236328,10.479999542236328,10.479999542236328,10.479999542236328,0
2016-03-15,10.300000190734863,10.300000190734863,10.300000190734863,10.300000190734863,0
2016-03-16,10.34000015258789,10.34000015258789,10.34000015258789,10.34000015258789,0
2016-03-17,10.430000305175781,10.430000305175781,10.430000305175781,10.430000305175781,0
2016-03-18,10.569999694824219,10.569999694824219,10.569999694824219,10.569999694824219,0
2016-03-21,10.539999961853027,10.539999961853027,10.539999961853027,10.539999961853027,0
2016-03-22,10.550000190734863,10.550000190734863,10.550000190734863,10.550000190734863,0
2016-03-23,10.329999923706055,10.329999923706055,10.329999923706055,10.329999923706055,0
2016-03-24,10.449999809265137,10.449999809265137,10.449999809265137,10.449999809265137,0
2016-03-28,10.460000038146973,10.460000038146973,10.460000038146973,10.460000038146973,0
2016-03-29,10.779999732971191,10.779999732971191,10.779999732971191,10.779999732971191,0
2016-03-30,10.850000381469727,10.850000381469727,10.850000381469727,10.850000381469727,0
2016-03-31,10.869999885559082,10.869999885559082,10.869999885559082,10.869999885559082,0
2016-04-01,11.0,11.0,11.0,11.0,0
2016-04-04,10.989999771118164,10.989999771118164,10.989999771118164,10.989999771118164,0
2016-04-05,10.850000381469727,10.850000381469727,10.850000381469727,10.850000381469727,0
2016-04-06,11.0,11.0,11.0,11.0,0
2016-04-07,10.90999984741211,10.90999984741211,10.90999984741211,10.90999984741211,0
2016-04-08,10.930000305175781,10.930000305175781,10.930000305175781,10.930000305175781,0
2016-04-11,10.880000114440918,10.880000114440918,10.880000114440918,10.880000114440918,0
2016-04-12,10.979999542236328,10.979999542236328,10.979999542236328,10.979999542236328,0
2016-04-13,11.1899995803833,11.1899995803833,11.1899995803833,11.1899995803833,0
2016-04-14,11.199999809265137,11.199999809265137,11.199999809265137,11.199999809265137,0
2016-04-15,11.270000457763672,11.270000457763672,11.270000457763672,11.270000457763672,0
2016-04-18,11.300000190734863,11.300000190734863,11.300000190734863,11.300000190734863,0
2016-04-19,11.270000457763672,11.270000457763672,11.270000457763672,11.270000457763672,0
2016-04-20,11.289999961853027,11.289999961853027,11.289999961853027,11.289999961853027,0
2016-04-21,11.270000457763672,11.270000457763672,11.270000457763672,11.270000457763672,0
2016-04-22,11.350000381469727,11.350000381469727,11.350000381469727,11.350000381469727,0
2016-04-25,11.279999732971191,11.279999732971191,11.279999732971191,11.279999732971191,0
2016-04-26,11.359999656677246,11.359999656677246,11.359999656677246,11.359999656677246,0
2016-04-27,11.4399995803833,11.4399995803833,11.4399995803833,11.4399995803833,0
2016-04-28,11.350000381469727,11.350000381469727,11.350000381469727,11.350000381469727,0
2016-04-29,11.260000228881836,11.260000228881836,11.260000228881836,11.260000228881836,0
2016-05-02,11.319999694824219,11.319999694824219,11.319999694824219,11.319999694824219,0
2016-05-03,11.1899995803833,11.1899995803833,11.1899995803833,11.1899995803833,0
2016-05-04,11.260000228881836,11.260000228881836,11.260000228881836,11.260000228881836,0
2016-05-05,11.15999984741211,11.15999984741211,11.15999984741211,11.15999984741211,0
2016-05-06,11.140000343322754,11.140000343322754,11.140000343322754,11.140000343322754,0
2016-05-09,11.270000457763672,11.270000457763672,11.270000457763672,11.270000457763672,0
2016-05-10,11.350000381469727,11.350000381469727,11.350000381469727,11.350000381469727,0
2016-05-11,11.239999771118164,11.239999771118164,11.239999771118164,11.239999771118164,0
2016-05-12,11.170000076293945,11.170000076293945,11.170000076293945,11.170000076293945,0
2016-05-13,11.140000343322754,11.140000343322754,11.140000343322754,11.140000343322754,0
2016-05-16,11.260000228881836,11.260000228881836,11.260000228881836,11.260000228881836,0
2016-05-17,11.09000015258789,11.09000015258789,11.09000015258789,11.09000015258789,0
2016-05-18,11.100000381469727,11.100000381469727,11.100000381469727,11.100000381469727,0
2016-05-19,11.029999732971191,11.029999732971191,11.029999732971191,11.029999732971191,0
2016-05-20,11.199999809265137,11.199999809265137,11.199999809265137,11.199999809265137,0
2016-05-23,11.260000228881836,11.260000228881836,11.260000228881836,11.260000228881836,0
2016-05-24,11.470000267028809,11.470000267028809,11.470000267028809,11.470000267028809,0
2016-05-25,11.510000228881836,11.510000228881836,11.510000228881836,11.510000228881836,0
2016-05-26,11.479999542236328,11.479999542236328,11.479999542236328,11.479999542236328,0
2016-05-27,11.600000381469727,11.600000381469727,11.600000381469727,11.600000381469727,0
2016-05-31,11.65999984741211,11.65999984741211,11.65999984741211,11.65999984741211,0
2016-06-01,11.779999732971191,11.779999732971191,11.779999732971191,11.779999732971191,0
2016-06-02,11.90999984741211,11.90999984741211,11.90999984741211,11.90999984741211,0
2016-06-03,11.890000343322754,11.890000343322754,11.890000343322754,11.890000343322754,0
2016-06-06,12.010000228881836,12.010000228881836,12.010000228881836,12.010000228881836,0
2016-06-07,12.029999732971191,12.029999732971191,12.029999732971191,12.029999732971191,0
2016-06-08,12.130000114440918,12.130000114440918,12.130000114440918,12.130000114440918,0
2016-06-09,12.069999694824219,12.069999694824219,12.069999694824219,12.069999694824219,0
2016-06-10,11.970000267028809,11.970000267028809,11.970000267028809,11.970000267028809,0
2016-06-13,11.850000381469727,11.850000381469727,11.850000381469727,11.850000381469727,0
2016-06-14,11.869999885559082,11.869999885559082,11.869999885559082,11.869999885559082,0
2016-06-15,11.90999984741211,11.90999984741211,11.90999984741211,11.90999984741211,0
2016-06-16,11.90999984741211,11.90999984741211,11.90999984741211,11.90999984741211,0
2016-06-17,11.84000015258789,11.84000015258789,11.84000015258789,11.84000015258789,0
2016-06-20,11.960000038146973,11.960000038146973,11.960000038146973,11.960000038146973,0
2016-06-21,11.949999809265137,11.949999809265137,11.949999809265137,11.949999809265137,0
2016-06-22,11.880000114440918,11.880000114440918,11.880000114440918,11.880000114440918,0
2016-06-23,12.140000343322754,12.140000343322754,12.140000343322754,12.140000343322754,0
2016-06-24,11.75,11.75,11.75,11.75,0
2016-06-27,11.359999656677246,11.359999656677246,11.359999656677246,11.359999656677246,0
2016-06-28,11.350000381469727,11.350000381469727,11.350000381469727,11.350000381469727,0
2016-06-29,11.550000190734863,11.550000190734863,11.550000190734863,11.550000190734863,0
2016-06-30,11.699999809265137,11.699999809265137,11.699999809265137,11.699999809265137,0
2016-07-01,11.829999923706055,11.829999923706055,11.829999923706055,11.829999923706055,0
2016-07-05,11.680000305175781,11.680000305175781,11.680000305175781,11.680000305175781,0
2016-07-06,11.779999732971191,11.779999732971191,11.779999732971191,11.779999732971191,0
2016-07-07,11.829999923706055,11.829999923706055,11.829999923706055,11.829999923706055,0
2016-07-08,12.039999961853027,12.039999961853027,12.039999961853027,12.039999961853027,0
2016-07-11,12.130000114440918,12.130000114440918,12.130000114440918,12.130000114440918,0
2016-07-12,12.239999771118164,12.239999771118164,12.239999771118164,12.239999771118164,0
2016-07-13,12.119999885559082,12.119999885559082,12.119999885559082,12.119999885559082,0
2016-07-14,12.119999885559082,12.119999885559082,12.119999885559082,12.119999885559082,0
2016-07-15,12.140000343322754,12.140000343322754,12.140000343322754,12.140000343322754,0
2016-07-18,12.229999542236328,12.229999542236328,12.229999542236328,12.229999542236328,0
2016-07-19,12.15999984741211,12.15999984741211,12.15999984741211,12.15999984741211,0
2016-07-20,12.319999694824219,12.319999694824219,12.319999694824219,12.319999694824219,0
2016-07-21,12.270000457763672,12.270000457763672,12.270000457763672,12.270000457763672,0
2016-07-22,12.359999656677246,12.359999656677246,12.359999656677246,12.359999656677246,0
2016-07-25,12.329999923706055,12.329999923706055,12.329999923706055,12.329999923706055,0
2016-07-26,12.359999656677246,12.359999656677246,12.359999656677246,12.359999656677246,0
2016-07-27,12.4399995803833,12.4399995803833,12.4399995803833,12.4399995803833,0
2016-07-28,12.5600004196167,12.5600004196167,12.5600004196167,12.5600004196167,0
2016-07-29,12.649999618530273,12.649999618530273,12.649999618530273,12.649999618530273,0
2016-08-01,12.680000305175781,12.680000305175781,12.680000305175781,12.680000305175781,0
2016-08-02,12.579999923706055,12.579999923706055,12.579999923706055,12.579999923706055,0
2016-08-03,12.600000381469727,12.600000381469727,12.600000381469727,12.600000381469727,0
2016-08-04,12.630000114440918,12.630000114440918,12.630000114440918,12.630000114440918,0
2016-08-05,12.859999656677246,12.859999656677246,12.859999656677246,12.859999656677246,0
2016-08-08,12.869999885559082,12.869999885559082,12.869999885559082,12.869999885559082,0
2016-08-09,12.9399995803833,12.9399995803833,12.9399995803833,12.9399995803833,0
2016-08-10,12.859999656677246,12.859999656677246,12.859999656677246,12.859999656677246,0
2016-08-11,12.930000305175781,12.930000305175781,12.930000305175781,12.930000305175781,0
2016-08-12,12.970000267028809,12.970000267028809,12.970000267028809,12.970000267028809,0
2016-08-15,13.069999694824219,13.069999694824219,13.069999694824219,13.069999694824219,0
2016-08-16,12.989999771118164,12.989999771118164,12.989999771118164,12.989999771118164,0
2016-08-17,12.949999809265137,12.949999809265137,12.949999809265137,12.949999809265137,0
2016-08-18,13.079999923706055,13.079999923706055,13.079999923706055,13.079999923706055,0
2016-08-19,13.039999961853027,13.039999961853027,13.039999961853027,13.039999961853027,0
2016-08-22,13.130000114440918,13.130000114440918,13.130000114440918,13.130000114440918,0
2016-08-23,13.199999809265137,13.199999809265137,13.199999809265137,13.199999809265137,0
2016-08-24,13.0,13.0,13.0,13.0,0
2016-08-25,12.960000038146973,12.960000038146973,12.960000038146973,12.960000038146973,0
2016-08-26,12.960000038146973,12.960000038146973,12.960000038146973,12.960000038146973,0
2016-08-29,13.029999732971191,13.029999732971191,13.029999732971191,13.029999732971191,0
2016-08-30,12.989999771118164,12.989999771118164,12.989999771118164,12.989999771118164,0
2016-08-31,12.890000343322754,12.890000343322754,12.890000343322754,12.890000343322754,0
2016-09-01,13.020000457763672,13.020000457763672,13.020000457763672,13.020000457763672,0
2016-09-02,13.220000267028809,13.220000267028809,13.220000267028809,13.220000267028809,0
2016-09-06,13.359999656677246,13.359999656677246,13.359999656677246,13.359999656677246,0
2016-09-07,13.350000381469727,13.350000381469727,13.350000381469727,13.350000381469727,0
2016-09-08,13.329999923706055,13.329999923706055,13.329999923706055,13.329999923706055,0
2016-09-09,12.920000076293945,12.920000076293945,12.920000076293945,12.920000076293945,0
2016-09-12,13.039999961853027,13.039999961853027,13.039999961853027,13.039999961853027,0
2016-09-13,12.880000114440918,12.880000114440918,12.880000114440918,12.880000114440918,0
2016-09-14,12.9399995803833,12.9399995803833,12.9399995803833,12.9399995803833,0
2016-09-15,13.069999694824219,13.069999694824219,13.069999694824219,13.069999694824219,0
2016-09-16,13.140000343322754,13.140000343322754,13.140000343322754,13.140000343322754,0
2016-09-19,13.220000267028809,13.220000267028809,13.220000267028809,13.220000267028809,0
2016-09-20,13.170000076293945,13.170000076293945,13.170000076293945,13.170000076293945,0
2016-09-21,13.34000015258789,13.34000015258789,13.34000015258789,13.34000015258789,0
2016-09-22,13.479999542236328,13.479999542236328,13.479999542236328,13.479999542236328,0
2016-09-23,13.420000076293945,13.420000076293945,13.420000076293945,13.420000076293945,0
2016-09-26,13.3100004196167,13.3100004196167,13.3100004196167,13.3100004196167,0
2016-09-27,13.430000305175781,13.430000305175781,13.430000305175781,13.430000305175781,0
2016-09-28,13.529999732971191,13.529999732971191,13.529999732971191,13.529999732971191,0
2016-09-29,13.34000015258789,13.34000015258789,13.34000015258789,13.34000015258789,0
2016-09-30,13.5,13.5,13.5,13.5,0
2016-10-03,13.489999771118164,13.489999771118164,13.489999771118164,13.489999771118164,0
2016-10-04,13.4399995803833,13.4399995803833,13.4399995803833,13.4399995803833,0
2016-10-05,13.470000267028809,13.470000267028809,13.470000267028809,13.470000267028809,0
2016-10-06,13.390000343322754,13.390000343322754,13.390000343322754,13.390000343322754,0
2016-10-07,13.319999694824219,13.319999694824219,13.319999694824219,13.319999694824219,0
2016-10-10,13.390000343322754,13.390000343322754,13.390000343322754,13.390000343322754,0
2016-10-11,13.109999656677246,13.109999656677246,13.109999656677246,13.109999656677246,0
2016-10-12,13.050000190734863,13.050000190734863,13.050000190734863,13.050000190734863,0
2016-10-13,12.920000076293945,12.920000076293945,12.920000076293945,12.920000076293945,0
2016-10-14,12.880000114440918,12.880000114440918,12.880000114440918,12.880000114440918,0
2016-10-17,12.869999885559082,12.869999885559082,12.869999885559082,12.869999885559082,0
2016-10-18,12.989999771118164,12.989999771118164,12.989999771118164,12.989999771118164,0
2016-10-19,12.970000267028809,12.970000267028809,12.970000267028809,12.970000267028809,0
2016-10-20,12.970000267028809,12.970000267028809,12.970000267028809,12.970000267028809,0
2016-10-21,12.960000038146973,12.960000038146973,12.960000038146973,12.960000038146973,0
2016-10-24,13.039999961853027,13.039999961853027,13.039999961853027,13.039999961853027,0
2016-10-25,12.920000076293945,12.920000076293945,12.920000076293945,12.920000076293945,0
2016-10-26,12.850000381469727,12.850000381469727,12.850000381469727,12.850000381469727,0
2016-10-27,12.649999618530273,12.649999618530273,12.649999618530273,12.649999618530273,0
2016-10-28,12.680000305175781,12.680000305175781,12.680000305175781,12.680000305175781,0
2016-10-31,12.760000228881836,12.760000228881836,12.760000228881836,12.760000228881836,0
2016-11-01,12.630000114440918,12.630000114440918,12.630000114440918,12.630000114440918,0
2016-11-02,12.399999618530273,12.399999618530273,12.399999618530273,12.399999618530273,0
2016-11-03,12.239999771118164,12.239999771118164,12.239999771118164,12.239999771118164,0
2016-11-04,12.399999618530273,12.399999618530273,12.399999618530273,12.399999618530273,0
2016-11-07,12.640000343322754,12.640000343322754,12.640000343322754,12.640000343322754,0
2016-11-08,12.699999809265137,12.699999809265137,12.699999809265137,12.699999809265137,0
2016-11-09,13.100000381469727,13.100000381469727,13.100000381469727,13.100000381469727,0
2016-11-10,13.210000038146973,13.210000038146973,13.210000038146973,13.210000038146973,0
2016-11-11,13.460000038146973,13.460000038146973,13.460000038146973,13.460000038146973,0
2016-11-14,13.529999732971191,13.529999732971191,13.529999732971191,13.529999732971191,0
2016-11-15,13.630000114440918,13.630000114440918,13.630000114440918,13.630000114440918,0
2016-11-16,13.649999618530273,13.649999618530273,13.649999618530273,13.649999618530273,0
2016-11-17,13.760000228881836,13.760000228881836,13.760000228881836,13.760000228881836,0
2016-11-18,13.829999923706055,13.829999923706055,13.829999923706055,13.829999923706055,0
2016-11-21,13.800000190734863,13.800000190734863,13.800000190734863,13.800000190734863,0
2016-11-22,13.84000015258789,13.84000015258789,13.84000015258789,13.84000015258789,0
2016-11-23,13.90999984741211,13.90999984741211,13.90999984741211,13.90999984741211,0
2016-11-25,13.970000267028809,13.970000267028809,13.970000267028809,13.970000267028809,0
2016-11-28,13.6899995803833,13.6899995803833,13.6899995803833,13.6899995803833,0
2016-11-29,13.600000381469727,13.600000381469727,13.600000381469727,13.600000381469727,0
2016-11-30,13.529999732971191,13.529999732971191,13.529999732971191,13.529999732971191,0
2016-12-01,13.239999771118164,13.239999771118164,13.239999771118164,13.239999771118164,0
2016-12-02,13.3100004196167,13.3100004196167,13.3100004196167,13.3100004196167,0
2016-12-05,13.520000457763672,13.520000457763672,13.520000457763672,13.520000457763672,0
2016-12-06,13.65999984741211,13.65999984741211,13.65999984741211,13.65999984741211,0
2016-12-07,13.770000457763672,13.770000457763672,13.770000457763672,13.770000457763672,0
2016-12-08,13.880000114440918,13.880000114440918,13.880000114440918,13.880000114440918,0
2016-12-09,13.8100004196167,13.8100004196167,13.8100004196167,13.8100004196167,0
2016-12-12,13.680000305175781,13.680000305175781,13.680000305175781,13.680000305175781,0
2016-12-13,13.739999771118164,13.739999771118164,13.739999771118164,13.739999771118164,0
2016-12-14,13.529999732971191,13.529999732971191,13.529999732971191,13.529999732971191,0
2016-12-15,13.680000305175781,13.680000305175781,13.680000305175781,13.680000305175781,0
2016-12-16,13.670000076293945,13.670000076293945,13.670000076293945,13.670000076293945,0
2016-12-19,13.720000267028809,13.720000267028809,13.720000267028809,13.720000267028809,0
2016-12-20,13.8100004196167,13.8100004196167,13.8100004196167,13.8100004196167,0
2016-12-21,13.600000381469727,13.600000381469727,13.600000381469727,13.600000381469727,0
2016-12-22,13.539999961853027,13.539999961853027,13.539999961853027,13.539999961853027,0
2016-12-23,13.65999984741211,13.65999984741211,13.65999984741211,13.65999984741211,0
2016-12-27,13.729999542236328,13.729999542236328,13.729999542236328,13.729999542236328,0
2016-12-28,13.529999732971191,13.529999732971191,13.529999732971191,13.529999732971191,0
2016-12-29,13.520000457763672,13.520000457763672,13.520000457763672,13.520000457763672,0
2016-12-30,13.5,13.5,13.5,13.5,0
2017-01-03,13.5600004196167,13.5600004196167,13.5600004196167,13.5600004196167,0
2017-01-04,13.8100004196167,13.8100004196167,13.8100004196167,13.8100004196167,0
2017-01-05,13.699999809265137,13.699999809265137,13.699999809265137,13.699999809265137,0
2017-01-06,13.699999809265137,13.699999809265137,13.699999809265137,13.699999809265137,0
2017-01-09,13.710000038146973,13.710000038146973,13.710000038146973,13.710000038146973,0
2017-01-10,13.779999732971191,13.779999732971191,13.779999732971191,13.779999732971191,0
2017-01-11,13.729999542236328,13.729999542236328,13.729999542236328,13.729999542236328,0
2017-01-12,13.699999809265137,13.699999809265137,13.699999809265137,13.699999809265137,0
2017-01-13,13.850000381469727,13.850000381469727,13.850000381469727,13.850000381469727,0
2017-01-17,13.680000305175781,13.680000305175781,13.680000305175781,13.680000305175781,0
2017-01-18,13.720000267028809,13.720000267028809,13.720000267028809,13.720000267028809,0
2017-01-19,13.65999984741211,13.65999984741211,13.65999984741211,13.65999984741211,0
2017-01-20,13.720000267028809,13.720000267028809,13.720000267028809,13.720000267028809,0
2017-01-23,13.710000038146973,13.710000038146973,13.710000038146973,13.710000038146973,0
2017-01-24,13.880000114440918,13.880000114440918,13.880000114440918,13.880000114440918,0
2017-01-25,14.0,14.0,14.0,14.0,0
2017-01-26,13.920000076293945,13.920000076293945,13.920000076293945,13.920000076293945,0
2017-01-27,13.9399995803833,13.9399995803833,13.9399995803833,13.9399995803833,0
2017-01-30,13.770000457763672,13.770000457763672,13.770000457763672,13.770000457763672,0
2017-01-31,13.90999984741211,13.90999984741211,13.90999984741211,13.90999984741211,0
2017-02-01,13.920000076293945,13.920000076293945,13.920000076293945,13.920000076293945,0
2017-02-02,13.949999809265137,13.949999809265137,13.949999809265137,13.949999809265137,0
2017-02-03,14.069999694824219,14.069999694824219,14.069999694824219,14.069999694824219,0
2017-02-06,14.010000228881836,14.010000228881836,14.010000228881836,14.010000228881836,0
2017-02-07,14.020000457763672,14.020000457763672,14.020000457763672,14.020000457763672,0
2017-02-08,14.020000457763672,14.020000457763672,14.020000457763672,14.020000457763672,0
2017-02-09,14.119999885559082,14.119999885559082,14.119999885559082,14.119999885559082,0
2017-02-10,14.149999618530273,14.149999618530273,14.149999618530273,14.149999618530273,0
2017-02-13,14.149999618530273,14.149999618530273,14.149999618530273,14.149999618530273,0
2017-02-14,14.239999771118164,14.239999771118164,14.239999771118164,14.239999771118164,0
2017-02-15,14.369999885559082,14.369999885559082,14.369999885559082,14.369999885559082,0
2017-02-16,14.390000343322754,14.390000343322754,14.390000343322754,14.390000343322754,0
2017-02-17,14.5,14.5,14.5,14.5,0
2017-02-21,14.609999656677246,14.609999656677246,14.609999656677246,14.609999656677246,0
2017-02-22,14.5600004196167,14.5600004196167,14.5600004196167,14.5600004196167,0
2017-02-23,14.529999732971191,14.529999732971191,14.529999732971191,14.529999732971191,0
2017-02-24,14.5,14.5,14.5,14.5,0
2017-02-27,14.630000114440918,14.630000114440918,14.630000114440918,14.630000114440918,0
2017-02-28,14.470000267028809,14.470000267028809,14.470000267028809,14.470000267028809,0
2017-03-01,14.6899995803833,14.6899995803833,14.6899995803833,14.6899995803833,0
2017-03-02,14.619999885559082,14.619999885559082,14.619999885559082,14.619999885559082,0
2017-03-03,14.65999984741211,14.65999984741211,14.65999984741211,14.65999984741211,0
2017-03-06,14.5600004196167,14.5600004196167,14.5600004196167,14.5600004196167,0
2017-03-07,14.510000228881836,14.510000228881836,14.510000228881836,14.510000228881836,0
2017-03-08,14.4399995803833,14.4399995803833,14.4399995803833,14.4399995803833,0
2017-03-09,14.449999809265137,14.449999809265137,14.449999809265137,14.449999809265137,0
2017-03-10,14.550000190734863,14.550000190734863,14.550000190734863,14.550000190734863,0
2017-03-13,14.65999984741211,14.65999984741211,14.65999984741211,14.65999984741211,0
2017-03-14,14.449999809265137,14.449999809265137,14.449999809265137,14.449999809265137,0
2017-03-15,14.649999618530273,14.649999618530273,14.649999618530273,14.649999618530273,0
2017-03-16,14.75,14.75,14.75,14.75,0
2017-03-17,14.819999694824219,14.819999694824219,14.819999694824219,14.819999694824219,0
2017-03-20,14.760000228881836,14.760000228881836,14.760000228881836,14.760000228881836,0
2017-03-21,14.4399995803833,14.4399995803833,14.4399995803833,14.4399995803833,0
2017-03-22,14.449999809265137,14.449999809265137,14.449999809265137,14.449999809265137,0
2017-03-23,14.630000114440918,14.630000114440918,14.630000114440918,14.630000114440918,0
2017-03-24,14.6899995803833,14.6899995803833,14.6899995803833,14.6899995803833,0
2017-03-27,14.770000457763672,14.770000457763672,14.770000457763672,14.770000457763672,0
2017-03-28,14.850000381469727,14.850000381469727,14.850000381469727,14.850000381469727,0
2017-03-29,14.930000305175781,14.930000305175781,14.930000305175781,14.930000305175781,0
2017-03-30,14.9399995803833,14.9399995803833,14.9399995803833,14.9399995803833,0
2017-03-31,15.079999923706055,15.079999923706055,15.079999923706055,15.079999923706055,0
2017-04-03,14.960000038146973,14.960000038146973,14.960000038146973,14.960000038146973,0
2017-04-04,14.899999618530273,14.899999618530273,14.899999618530273,14.899999618530273,0
2017-04-05,14.819999694824219,14.819999694824219,14.819999694824219,14.819999694824219,0
2017-04-06,15.020000457763672,15.020000457763672,15.020000457763672,15.020000457763672,0
2017-04-07,15.039999961853027,15.039999961853027,15.039999961853027,15.039999961853027,0
2017-04-10,14.960000038146973,14.960000038146973,14.960000038146973,14.960000038146973,0
2017-04-11,15.020000457763672,15.020000457763672,15.020000457763672,15.020000457763672,0
2017-04-12,14.920000076293945,14.920000076293945,14.920000076293945,14.920000076293945,0
2017-04-13,14.850000381469727,14.850000381469727,14.850000381469727,14.850000381469727,0
2017-04-17,14.949999809265137,14.949999809265137,14.949999809265137,14.949999809265137,0
2017-04-18,14.880000114440918,14.880000114440918,14.880000114440918,14.880000114440918,0
2017-04-19,15.010000228881836,15.010000228881836,15.010000228881836,15.010000228881836,0
2017-04-20,15.149999618530273,15.149999618530273,15.149999618530273,15.149999618530273,0
2017-04-21,15.109999656677246,15.109999656677246,15.109999656677246,15.109999656677246,0
2017-04-24,15.300000190734863,15.300000190734863,15.300000190734863,15.300000190734863,0
2017-04-25,15.4399995803833,15.4399995803833,15.4399995803833,15.4399995803833,0
2017-04-26,15.430000305175781,15.430000305175781,15.430000305175781,15.430000305175781,0
2017-04-27,15.5,15.5,15.5,15.5,0
2017-04-28,15.479999542236328,15.479999542236328,15.479999542236328,15.479999542236328,0
2017-05-01,15.569999694824219,15.569999694824219,15.569999694824219,15.569999694824219,0
2017-05-02,15.449999809265137,15.449999809265137,15.449999809265137,15.449999809265137,0
2017-05-03,15.430000305175781,15.430000305175781,15.430000305175781,15.430000305175781,0
2017-05-04,15.329999923706055,15.329999923706055,15.329999923706055,15.329999923706055,0
2017-05-05,15.479999542236328,15.479999542236328,15.479999542236328,15.479999542236328,0
2017-05-08,15.369999885559082,15.369999885559082,15.369999885559082,15.369999885559082,0
2017-05-09,15.539999961853027,15.539999961853027,15.539999961853027,15.539999961853027,0
2017-05-10,15.59000015258789,15.59000015258789,15.59000015258789,15.59000015258789,0
2017-05-11,15.5,15.5,15.5,15.5,0
2017-05-12,15.600000381469727,15.600000381469727,15.600000381469727,15.600000381469727,0
2017-05-15,15.760000228881836,15.760000228881836,15.760000228881836,15.760000228881836,0
2017-05-16,15.8100004196167,15.8100004196167,15.8100004196167,15.8100004196167,0
2017-05-17,15.350000381469727,15.350000381469727,15.350000381469727,15.350000381469727,0
2017-05-18,15.489999771118164,15.489999771118164,15.489999771118164,15.489999771118164,0
2017-05-19,15.579999923706055,15.579999923706055,15.579999923706055,15.579999923706055,0
2017-05-22,15.819999694824219,15.819999694824219,15.819999694824219,15.819999694824219,0
2017-05-23,15.84000015258789,15.84000015258789,15.84000015258789,15.84000015258789,0
2017-05-24,15.899999618530273,15.899999618530273,15.899999618530273,15.899999618530273,0
2017-05-25,15.970000267028809,15.970000267028809,15.970000267028809,15.970000267028809,0
2017-05-26,15.979999542236328,15.979999542236328,15.979999542236328,15.979999542236328,0
2017-05-30,15.90999984741211,15.90999984741211,15.90999984741211,15.90999984741211,0
2017-05-31,16.059999465942383,16.059999465942383,16.059999465942383,16.059999465942383,0
2017-06-01,16.229999542236328,16.229999542236328,16.229999542236328,16.229999542236328,0
2017-06-02,16.3799991607666,16.3799991607666,16.3799991607666,16.3799991607666,0
2017-06-05,16.229999542236328,16.229999542236328,16.229999542236328,16.229999542236328,0
2017-06-06,16.270000457763672,16.270000457763672,16.270000457763672,16.270000457763672,0
2017-06-07,16.290000915527344,16.290000915527344,16.290000915527344,16.290000915527344,0
2017-06-08,16.469999313354492,16.469999313354492,16.469999313354492,16.469999313354492,0
2017-06-09,16.149999618530273,16.149999618530273,16.149999618530273,16.149999618530273,0
2017-06-12,16.0,16.0,16.0,16.0,0
2017-06-13,16.209999084472656,16.209999084472656,16.209999084472656,16.209999084472656,0
2017-06-14,16.1200008392334,16.1200008392334,16.1200008392334,16.1200008392334,0
2017-06-15,16.049999237060547,16.049999237060547,16.049999237060547,16.049999237060547,0
2017-06-16,16.239999771118164,16.239999771118164,16.239999771118164,16.239999771118164,0
2017-06-19,16.700000762939453,16.700000762939453,16.700000762939453,16.700000762939453,0
2017-06-20,16.530000686645508,16.530000686645508,16.530000686645508,16.530000686645508,0
2017-06-21,16.700000762939453,16.700000762939453,16.700000762939453,16.700000762939453,0
2017-06-22,16.809999465942383,16.809999465942383,16.809999465942383,16.809999465942383,0
2017-06-23,17.010000228881836,17.010000228881836,17.010000228881836,17.010000228881836,0
2017-06-26,17.059999465942383,17.059999465942383,17.059999465942383,17.059999465942383,0
2017-06-27,16.719999313354492,16.719999313354492,16.719999313354492,16.719999313354492,0
2017-06-28,17.09000015258789,17.09000015258789,17.09000015258789,17.09000015258789,0
2017-06-29,16.84000015258789,16.84000015258789,16.84000015258789,16.84000015258789,0
2017-06-30,16.829999923706055,16.829999923706055,16.829999923706055,16.829999923706055,0
2017-07-03,16.809999465942383,16.809999465942383,16.809999465942383,16.809999465942383,0
2017-07-05,16.940000534057617,16.940000534057617,16.940000534057617,16.940000534057617,0
2017-07-06,16.670000076293945,16.670000076293945,16.670000076293945,16.670000076293945,0
2017-07-07,16.93000030517578,16.93000030517578,16.93000030517578,16.93000030517578,0
2017-07-10,16.8700008392334,16.8700008392334,16.8700008392334,16.8700008392334,0
2017-07-11,17.030000686645508,17.030000686645508,17.030000686645508,17.030000686645508,0
2017-07-12,17.209999084472656,17.209999084472656,17.209999084472656,17.209999084472656,0
2017-07-13,17.260000228881836,17.260000228881836,17.260000228881836,17.260000228881836,0
2017-07-14,17.290000915527344,17.290000915527344,17.290000915527344,17.290000915527344,0
2017-07-17,17.280000686645508,17.280000686645508,17.280000686645508,17.280000686645508,0
2017-07-18,17.190000534057617,17.190000534057617,17.190000534057617,17.190000534057617,0
2017-07-19,17.309999465942383,17.309999465942383,17.309999465942383,17.309999465942383,0
2017-07-20,17.280000686645508,17.280000686645508,17.280000686645508,17.280000686645508,0
2017-07-21,17.200000762939453,17.200000762939453,17.200000762939453,17.200000762939453,0
2017-07-24,17.290000915527344,17.290000915527344,17.290000915527344,17.290000915527344,0
2017-07-25,17.329999923706055,17.329999923706055,17.329999923706055,17.329999923706055,0
2017-07-26,17.3700008392334,17.3700008392334,17.3700008392334,17.3700008392334,0
2017-07-27,17.0,17.0,17.0,17.0,0
2017-07-28,17.049999237060547,17.049999237060547,17.049999237060547,17.049999237060547,0
2017-07-31,16.940000534057617,16.940000534057617,16.940000534057617,16.940000534057617,0
2017-08-01,16.950000762939453,16.950000762939453,16.950000762939453,16.950000762939453,0
2017-08-02,16.559999465942383,16.559999465942383,16.559999465942383,16.559999465942383,0
2017-08-03,16.56999969482422,16.56999969482422,16.56999969482422,16.56999969482422,0
2017-08-04,16.540000915527344,16.540000915527344,16.540000915527344,16.540000915527344,0
2017-08-07,16.579999923706055,16.579999923706055,16.579999923706055,16.579999923706055,0
2017-08-08,16.59000015258789,16.59000015258789,16.59000015258789,16.59000015258789,0
2017-08-09,16.559999465942383,16.559999465942383,16.559999465942383,16.559999465942383,0
2017-08-10,16.1299991607666,16.1299991607666,16.1299991607666,16.1299991607666,0
2017-08-11,16.280000686645508,16.280000686645508,16.280000686645508,16.280000686645508,0
2017-08-14,16.479999542236328,16.479999542236328,16.479999542236328,16.479999542236328,0
2017-08-15,16.420000076293945,16.420000076293945,16.420000076293945,16.420000076293945,0
2017-08-16,16.389999389648438,16.389999389648438,16.389999389648438,16.389999389648438,0
2017-08-17,16.149999618530273,16.149999618530273,16.149999618530273,16.149999618530273,0
2017-08-18,16.190000534057617,16.190000534057617,16.190000534057617,16.190000534057617,0
2017-08-21,16.149999618530273,16.149999618530273,16.149999618530273,16.149999618530273,0
2017-08-22,16.290000915527344,16.290000915527344,16.290000915527344,16.290000915527344,0
2017-08-23,16.31999969482422,16.31999969482422,16.31999969482422,16.31999969482422,0
2017-08-24,16.479999542236328,16.479999542236328,16.479999542236328,16.479999542236328,0
2017-08-25,16.399999618530273,16.399999618530273,16.399999618530273,16.399999618530273,0
2017-08-28,16.510000228881836,16.510000228881836,16.510000228881836,16.510000228881836,0
2017-08-29,16.639999389648438,16.639999389648438,16.639999389648438,16.639999389648438,0
2017-08-30,16.780000686645508,16.780000686645508,16.780000686645508,16.780000686645508,0
2017-08-31,17.020000457763672,17.020000457763672,17.020000457763672,17.020000457763672,0
2017-09-01,17.079999923706055,17.079999923706055,17.079999923706055,17.079999923706055,0
2017-09-05,17.030000686645508,17.030000686645508,17.030000686645508,17.030000686645508,0
2017-09-06,17.1200008392334,17.1200008392334,17.1200008392334,17.1200008392334,0
2017-09-07,17.200000762939453,17.200000762939453,17.200000762939453,17.200000762939453,0
2017-09-08,17.25,17.25,17.25,17.25,0
2017-09-11,17.3799991607666,17.3799991607666,17.3799991607666,17.3799991607666,0
2017-09-12,17.40999984741211,17.40999984741211,17.40999984741211,17.40999984741211,0
2017-09-13,17.559999465942383,17.559999465942383,17.559999465942383,17.559999465942383,0
2017-09-14,17.5,17.5,17.5,17.5,0
2017-09-15,17.56999969482422,17.56999969482422,17.56999969482422,17.56999969482422,0
2017-09-18,17.600000381469727,17.600000381469727,17.600000381469727,17.600000381469727,0
2017-09-19,17.68000030517578,17.68000030517578,17.68000030517578,17.68000030517578,0
2017-09-20,17.68000030517578,17.68000030517578,17.68000030517578,17.68000030517578,0
2017-09-21,17.649999618530273,17.649999618530273,17.649999618530273,17.649999618530273,0
2017-09-22,17.700000762939453,17.700000762939453,17.700000762939453,17.700000762939453,0
2017-09-25,17.469999313354492,17.469999313354492,17.469999313354492,17.469999313354492,0
2017-09-26,17.360000610351562,17.360000610351562,17.360000610351562,17.360000610351562,0
2017-09-27,17.65999984741211,17.65999984741211,17.65999984741211,17.65999984741211,0
2017-09-28,17.670000076293945,17.670000076293945,17.670000076293945,17.670000076293945,0
2017-09-29,17.739999771118164,17.739999771118164,17.739999771118164,17.739999771118164,0
2017-10-02,17.920000076293945,17.920000076293945,17.920000076293945,17.920000076293945,0
2017-10-03,17.969999313354492,17.969999313354492,17.969999313354492,17.969999313354492,0
2017-10-04,17.979999542236328,17.979999542236328,17.979999542236328,17.979999542236328,0
2017-10-05,18.110000610351562,18.110000610351562,18.110000610351562,18.110000610351562,0
2017-10-06,18.170000076293945,18.170000076293945,18.170000076293945,18.170000076293945,0
2017-10-09,18.010000228881836,18.010000228881836,18.010000228881836,18.010000228881836,0
2017-10-10,17.90999984741211,17.90999984741211,17.90999984741211,17.90999984741211,0
2017-10-11,17.950000762939453,17.950000762939453,17.950000762939453,17.950000762939453,0
2017-10-12,18.030000686645508,18.030000686645508,18.030000686645508,18.030000686645508,0
2017-10-13,17.979999542236328,17.979999542236328,17.979999542236328,17.979999542236328,0
2017-10-16,17.8799991607666,17.8799991607666,17.8799991607666,17.8799991607666,0
2017-10-17,17.81999969482422,17.81999969482422,17.81999969482422,17.81999969482422,0
2017-10-18,17.8700008392334,17.8700008392334,17.8700008392334,17.8700008392334,0
2017-10-19,17.75,17.75,17.75,17.75,0
2017-10-20,17.850000381469727,17.850000381469727,17.850000381469727,17.850000381469727,0
2017-10-23,17.75,17.75,17.75,17.75,0
2017-10-24,17.799999237060547,17.799999237060547,17.799999237060547,17.799999237060547,0
2017-10-25,17.610000610351562,17.610000610351562,17.610000610351562,17.610000610351562,0
2017-10-26,17.479999542236328,17.479999542236328,17.479999542236328,17.479999542236328,0
2017-10-27,17.700000762939453,17.700000762939453,17.700000762939453,17.700000762939453,0
2017-10-30,17.6299991607666,17.6299991607666,17.6299991607666,17.6299991607666,0
2017-10-31,17.850000381469727,17.850000381469727,17.850000381469727,17.850000381469727,0
2017-11-01,17.649999618530273,17.649999618530273,17.649999618530273,17.649999618530273,0
2017-11-02,17.690000534057617,17.690000534057617,17.690000534057617,17.690000534057617,0
2017-11-03,17.829999923706055,17.829999923706055,17.829999923706055,17.829999923706055,0
2017-11-06,18.010000228881836,18.010000228881836,18.010000228881836,18.010000228881836,0
2017-11-07,17.649999618530273,17.649999618530273,17.649999618530273,17.649999618530273,0
2017-11-08,17.65999984741211,17.65999984741211,17.65999984741211,17.65999984741211,0
2017-11-09,17.719999313354492,17.719999313354492,17.719999313354492,17.719999313354492,0
2017-11-10,17.68000030517578,17.68000030517578,17.68000030517578,17.68000030517578,0
2017-11-13,17.729999542236328,17.729999542236328,17.729999542236328,17.729999542236328,0
2017-11-14,17.600000381469727,17.600000381469727,17.600000381469727,17.600000381469727,0
2017-11-15,17.459999084472656,17.459999084472656,17.459999084472656,17.459999084472656,0
2017-11-16,17.729999542236328,17.729999542236328,17.729999542236328,17.729999542236328,0
2017-11-17,17.770000457763672,17.770000457763672,17.770000457763672,17.770000457763672,0
2017-11-20,17.940000534057617,17.940000534057617,17.940000534057617,17.940000534057617,0
2017-11-21,18.219999313354492,18.219999313354492,18.219999313354492,18.219999313354492,0
2017-11-22,18.219999313354492,18.219999313354492,18.219999313354492,18.219999313354492,0
2017-11-24,18.34000015258789,18.34000015258789,18.34000015258789,18.34000015258789,0
2017-11-27,18.190000534057617,18.190000534057617,18.190000534057617,18.190000534057617,0
2017-11-28,18.299999237060547,18.299999237060547,18.299999237060547,18.299999237060547,0
2017-11-29,18.06999969482422,18.06999969482422,18.06999969482422,18.06999969482422,0
2017-11-30,18.34000015258789,18.34000015258789,18.34000015258789,18.34000015258789,0
2017-12-01,18.190000534057617,18.190000534057617,18.190000534057617,18.190000534057617,0
2017-12-04,17.790000915527344,17.790000915527344,17.790000915527344,17.790000915527344,0
2017-12-05,17.639999389648438,17.639999389648438,17.639999389648438,17.639999389648438,0
2017-12-06,17.540000915527344,17.540000915527344,17.540000915527344,17.540000915527344,0
2017-12-07,17.90999984741211,17.90999984741211,17.90999984741211,17.90999984741211,0
2017-12-08,18.09000015258789,18.09000015258789,18.09000015258789,18.09000015258789,0
2017-12-11,18.020000457763672,18.020000457763672,18.020000457763672,18.020000457763672,0
2017-12-12,18.049999237060547,18.049999237060547,18.049999237060547,18.049999237060547,0
2017-12-13,18.190000534057617,18.190000534057617,18.190000534057617,18.190000534057617,0
2017-12-14,18.049999237060547,18.049999237060547,18.049999237060547,18.049999237060547,0
2017-12-15,18.350000381469727,18.350000381469727,18.350000381469727,18.350000381469727,0
2017-12-18,18.5,18.5,18.5,18.5,0
2017-12-19,18.360000610351562,18.360000610351562,18.360000610351562,18.360000610351562,0
2017-12-20,18.3700008392334,18.3700008392334,18.3700008392334,18.3700008392334,0
2017-12-21,18.360000610351562,18.360000610351562,18.360000610351562,18.360000610351562,0
2017-12-22,18.3799991607666,18.3799991607666,18.3799991607666,18.3799991607666,0
2017-12-26,18.260000228881836,18.260000228881836,18.260000228881836,18.260000228881836,0
2017-12-27,18.329999923706055,18.329999923706055,18.329999923706055,18.329999923706055,0
2017-12-28,18.420000076293945,18.420000076293945,18.420000076293945,18.420000076293945,0
2017-12-29,18.299999237060547,18.299999237060547,18.299999237060547,18.299999237060547,0
2018-01-02,18.510000228881836,18.510000228881836,18.510000228881836,18.510000228881836,0
2018-01-03,18.600000381469727,18.600000381469727,18.600000381469727,18.600000381469727,0
2018-01-04,18.59000015258789,18.59000015258789,18.59000015258789,18.59000015258789,0
2018-01-05,18.790000915527344,18.790000915527344,18.790000915527344,18.790000915527344,0
2018-01-08,18.829999923706055,18.829999923706055,18.829999923706055,18.829999923706055,0
2018-01-09,18.729999542236328,18.729999542236328,18.729999542236328,18.729999542236328,0
2018-01-10,18.670000076293945,18.670000076293945,18.670000076293945,18.670000076293945,0
2018-01-11,18.899999618530273,18.899999618530273,18.899999618530273,18.899999618530273,0
2018-01-12,18.950000762939453,18.950000762939453,18.950000762939453,18.950000762939453,0
2018-01-16,18.809999465942383,18.809999465942383,18.809999465942383,18.809999465942383,0
2018-01-17,18.989999771118164,18.989999771118164,18.989999771118164,18.989999771118164,0
2018-01-18,18.93000030517578,18.93000030517578,18.93000030517578,18.93000030517578,0
2018-01-19,19.139999389648438,19.139999389648438,19.139999389648438,19.139999389648438,0
2018-01-22,19.290000915527344,19.290000915527344,19.290000915527344,19.290000915527344,0
2018-01-23,19.43000030517578,19.43000030517578,19.43000030517578,19.43000030517578,0
2018-01-24,19.31999969482422,19.31999969482422,19.31999969482422,19.31999969482422,0
2018-01-25,19.440000534057617,19.440000534057617,19.440000534057617,19.440000534057617,0
2018-01-26,19.59000015258789,19.59000015258789,19.59000015258789,19.59000015258789,0
2018-01-29,19.360000610351562,19.360000610351562,19.360000610351562,19.360000610351562,0
2018-01-30,19.219999313354492,19.219999313354492,19.219999313354492,19.219999313354492,0
2018-01-31,19.1200008392334,19.1200008392334,19.1200008392334,19.1200008392334,0
2018-02-01,19.040000915527344,19.040000915527344,19.040000915527344,19.040000915527344,0
2018-02-02,18.520000457763672,18.520000457763672,18.520000457763672,18.520000457763672,0
2018-02-05,17.8700008392334,17.8700008392334,17.8700008392334,17.8700008392334,0
2018-02-06,18.200000762939453,18.200000762939453,18.200000762939453,18.200000762939453,0
2018-02-07,17.93000030517578,17.93000030517578,17.93000030517578,17.93000030517578,0
2018-02-08,17.219999313354492,17.219999313354492,17.219999313354492,17.219999313354492,0
2018-02-09,17.280000686645508,17.280000686645508,17.280000686645508,17.280000686645508,0
2018-02-12,17.450000762939453,17.450000762939453,17.450000762939453,17.450000762939453,0
2018-02-13,17.559999465942383,17.559999465942383,17.559999465942383,17.559999465942383,0
2018-02-14,17.940000534057617,17.940000534057617,17.940000534057617,17.940000534057617,0
2018-02-15,18.170000076293945,18.170000076293945,18.170000076293945,18.170000076293945,0
2018-02-16,18.209999084472656,18.209999084472656,18.209999084472656,18.209999084472656,0
2018-02-20,18.1200008392334,18.1200008392334,18.1200008392334,18.1200008392334,0
2018-02-21,18.18000030517578,18.18000030517578,18.18000030517578,18.18000030517578,0
2018-02-22,18.079999923706055,18.079999923706055,18.079999923706055,18.079999923706055,0
2018-02-23,18.34000015258789,18.34000015258789,18.34000015258789,18.34000015258789,0
2018-02-26,18.510000228881836,18.510000228881836,18.510000228881836,18.510000228881836,0
2018-02-27,18.18000030517578,18.18000030517578,18.18000030517578,18.18000030517578,0
2018-02-28,18.049999237060547,18.049999237060547,18.049999237060547,18.049999237060547,0
2018-03-01,17.93000030517578,17.93000030517578,17.93000030517578,17.93000030517578,0
2018-03-02,18.290000915527344,18.290000915527344,18.290000915527344,18.290000915527344,0
2018-03-05,18.440000534057617,18.440000534057617,18.440000534057617,18.440000534057617,0
2018-03-06,18.579999923706055,18.579999923706055,18.579999923706055,18.579999923706055,0
2018-03-07,18.81999969482422,18.81999969482422,18.81999969482422,18.81999969482422,0
2018-03-08,18.799999237060547,18.799999237060547,18.799999237060547,18.799999237060547,0
2018-03-09,19.18000030517578,19.18000030517578,19.18000030517578,19.18000030517578,0
2018-03-12,19.34000015258789,19.34000015258789,19.34000015258789,19.34000015258789,0
2018-03-13,19.0,19.0,19.0,19.0,0
2018-03-14,18.940000534057617,18.940000534057617,18.940000534057617,18.940000534057617,0
2018-03-15,18.770000457763672,18.770000457763672,18.770000457763672,18.770000457763672,0
2018-03-16,18.850000381469727,18.850000381469727,18.850000381469727,18.850000381469727,0
2018-03-19,18.65999984741211,18.65999984741211,18.65999984741211,18.65999984741211,0
2018-03-20,18.700000762939453,18.700000762939453,18.700000762939453,18.700000762939453,0
2018-03-21,18.860000610351562,18.860000610351562,18.860000610351562,18.860000610351562,0
2018-03-22,18.459999084472656,18.459999084472656,18.459999084472656,18.459999084472656,0
2018-03-23,18.139999389648438,18.139999389648438,18.139999389648438,18.139999389648438,0
2018-03-26,18.549999237060547,18.549999237060547,18.549999237060547,18.549999237060547,0
2018-03-27,18.1200008392334,18.1200008392334,18.1200008392334,18.1200008392334,0
2018-03-28,17.90999984741211,17.90999984741211,17.90999984741211,17.90999984741211,0
2018-03-29,18.06999969482422,18.06999969482422,18.06999969482422,18.06999969482422,0
2018-04-02,17.610000610351562,17.610000610351562,17.610000610351562,17.610000610351562,0
2018-04-03,17.760000228881836,17.760000228881836,17.760000228881836,17.760000228881836,0
2018-04-04,18.040000915527344,18.040000915527344,18.040000915527344,18.040000915527344,0
2018-04-05,18.139999389648438,18.139999389648438,18.139999389648438,18.139999389648438,0
2018-04-06,17.760000228881836,17.760000228881836,17.760000228881836,17.760000228881836,0
2018-04-09,17.760000228881836,17.760000228881836,17.760000228881836,17.760000228881836,0
2018-04-10,18.1299991607666,18.1299991607666,18.1299991607666,18.1299991607666,0
2018-04-11,18.270000457763672,18.270000457763672,18.270000457763672,18.270000457763672,0
2018-04-12,18.459999084472656,18.459999084472656,18.459999084472656,18.459999084472656,0
2018-04-13,18.450000762939453,18.450000762939453,18.450000762939453,18.450000762939453,0
2018-04-16,18.6200008392334,18.6200008392334,18.6200008392334,18.6200008392334,0
2018-04-17,18.959999084472656,18.959999084472656,18.959999084472656,18.959999084472656,0
2018-04-18,19.030000686645508,19.030000686645508,19.030000686645508,19.030000686645508,0
2018-04-19,18.979999542236328,18.979999542236328,18.979999542236328,18.979999542236328,0
2018-04-20,18.8700008392334,18.8700008392334,18.8700008392334,18.8700008392334,0
2018-04-23,18.84000015258789,18.84000015258789,18.84000015258789,18.84000015258789,0
2018-04-24,18.579999923706055,18.579999923706055,18.579999923706055,18.579999923706055,0
2018-04-25,18.299999237060547,18.299999237060547,18.299999237060547,18.299999237060547,0
2018-04-26,18.59000015258789,18.59000015258789,18.59000015258789,18.59000015258789,0
2018-04-27,18.479999542236328,18.479999542236328,18.479999542236328,18.479999542236328,0
2018-04-30,18.34000015258789,18.34000015258789,18.34000015258789,18.34000015258789,0
2018-05-01,18.469999313354492,18.469999313354492,18.469999313354492,18.469999313354492,0
2018-05-02,18.520000457763672,18.520000457763672,18.520000457763672,18.520000457763672,0
2018-05-03,18.469999313354492,18.469999313354492,18.469999313354492,18.469999313354492,0
2018-05-04,18.850000381469727,18.850000381469727,18.850000381469727,18.850000381469727,0
2018-05-07,19.059999465942383,19.059999465942383,19.059999465942383,19.059999465942383,0
2018-05-08,19.280000686645508,19.280000686645508,19.280000686645508,19.280000686645508,0
2018-05-09,19.5,19.5,19.5,19.5,0
2018-05-10,19.68000030517578,19.68000030517578,19.68000030517578,19.68000030517578,0
2018-05-11,19.93000030517578,19.93000030517578,19.93000030517578,19.93000030517578,0
2018-05-14,19.850000381469727,19.850000381469727,19.850000381469727,19.850000381469727,0
2018-05-15,19.860000610351562,19.860000610351562,19.860000610351562,19.860000610351562,0
2018-05-16,20.010000228881836,20.010000228881836,20.010000228881836,20.010000228881836,0
2018-05-17,20.1200008392334,20.1200008392334,20.1200008392334,20.1200008392334,0
2018-05-18,20.200000762939453,20.200000762939453,20.200000762939453,20.200000762939453,0
2018-05-21,20.170000076293945,20.170000076293945,20.170000076293945,20.170000076293945,0
2018-05-22,19.90999984741211,19.90999984741211,19.90999984741211,19.90999984741211,0
2018-05-23,19.969999313354492,19.969999313354492,19.969999313354492,19.969999313354492,0
2018-05-24,20.110000610351562,20.110000610351562,20.110000610351562,20.110000610351562,0
2018-05-25,20.149999618530273,20.149999618530273,20.149999618530273,20.149999618530273,0
2018-05-29,20.239999771118164,20.239999771118164,20.239999771118164,20.239999771118164,0
2018-05-30,20.40999984741211,20.40999984741211,20.40999984741211,20.40999984741211,0
2018-05-31,20.399999618530273,20.399999618530273,20.399999618530273,20.399999618530273,0
2018-06-01,20.65999984741211,20.65999984741211,20.65999984741211,20.65999984741211,0
2018-06-04,20.790000915527344,20.790000915527344,20.790000915527344,20.790000915527344,0
2018-06-05,21.100000381469727,21.100000381469727,21.100000381469727,21.100000381469727,0
2018-06-06,21.229999542236328,21.229999542236328,21.229999542236328,21.229999542236328,0
2018-06-07,20.979999542236328,20.979999542236328,20.979999542236328,20.979999542236328,0
2018-06-08,21.1200008392334,21.1200008392334,21.1200008392334,21.1200008392334,0
2018-06-11,21.190000534057617,21.190000534057617,21.190000534057617,21.190000534057617,0
2018-06-12,21.350000381469727,21.350000381469727,21.350000381469727,21.350000381469727,0
2018-06-13,21.350000381469727,21.350000381469727,21.350000381469727,21.350000381469727,0
2018-06-14,21.579999923706055,21.579999923706055,21.579999923706055,21.579999923706055,0
2018-06-15,21.559999465942383,21.559999465942383,21.559999465942383,21.559999465942383,0
2018-06-18,21.670000076293945,21.670000076293945,21.670000076293945,21.670000076293945,0
2018-06-19,21.540000915527344,21.540000915527344,21.540000915527344,21.540000915527344,0
2018-06-20,21.799999237060547,21.799999237060547,21.799999237060547,21.799999237060547,0
2018-06-21,21.5,21.5,21.5,21.5,0
2018-06-22,21.450000762939453,21.450000762939453,21.450000762939453,21.450000762939453,0
2018-06-25,21.020000457763672,21.020000457763672,21.020000457763672,21.020000457763672,0
2018-06-26,21.219999313354492,21.219999313354492,21.219999313354492,21.219999313354492,0
2018-06-27,20.719999313354492,20.719999313354492,20.719999313354492,20.719999313354492,0
2018-06-28,20.979999542236328,20.979999542236328,20.979999542236328,20.979999542236328,0
2018-06-29,21.110000610351562,21.110000610351562,21.110000610351562,21.110000610351562,0
2018-07-02,21.280000686645508,21.280000686645508,21.280000686645508,21.280000686645508,0
2018-07-03,21.34000015258789,21.34000015258789,21.34000015258789,21.34000015258789,0
2018-07-05,21.719999313354492,21.719999313354492,21.719999313354492,21.719999313354492,0
2018-07-06,21.899999618530273,21.899999618530273,21.899999618530273,21.899999618530273,0
2018-07-09,21.989999771118164,21.989999771118164,21.989999771118164,21.989999771118164,0
2018-07-10,21.950000762939453,21.950000762939453,21.950000762939453,21.950000762939453,0
2018-07-11,21.90999984741211,21.90999984741211,21.90999984741211,21.90999984741211,0
2018-07-12,22.229999542236328,22.229999542236328,22.229999542236328,22.229999542236328,0
2018-07-13,22.170000076293945,22.170000076293945,22.170000076293945,22.170000076293945,0
2018-07-16,22.079999923706055,22.079999923706055,22.079999923706055,22.079999923706055,0
2018-07-17,22.299999237060547,22.299999237060547,22.299999237060547,22.299999237060547,0
2018-07-18,22.350000381469727,22.350000381469727,22.350000381469727,22.350000381469727,0
2018-07-19,22.469999313354492,22.469999313354492,22.469999313354492,22.469999313354492,0
2018-07-20,22.3799991607666,22.3799991607666,22.3799991607666,22.3799991607666,0
2018-07-23,22.389999389648438,22.389999389648438,22.389999389648438,22.389999389648438,0
2018-07-24,21.979999542236328,21.979999542236328,21.979999542236328,21.979999542236328,0
2018-07-25,22.350000381469727,22.350000381469727,22.350000381469727,22.350000381469727,0
2018-07-26,22.510000228881836,22.510000228881836,22.510000228881836,22.510000228881836,0
2018-07-27,22.040000915527344,22.040000915527344,22.040000915527344,22.040000915527344,0
2018-07-30,21.6200008392334,21.6200008392334,21.6200008392334,21.6200008392334,0
2018-07-31,21.770000457763672,21.770000457763672,21.770000457763672,21.770000457763672,0
2018-08-01,21.84000015258789,21.84000015258789,21.84000015258789,21.84000015258789,0
2018-08-02,22.1200008392334,22.1200008392334,22.1200008392334,22.1200008392334,0
2018-08-03,22.100000381469727,22.100000381469727,22.100000381469727,22.100000381469727,0
2018-08-06,22.3700008392334,22.3700008392334,22.3700008392334,22.3700008392334,0
2018-08-07,22.389999389648438,22.389999389648438,22.389999389648438,22.389999389648438,0
2018-08-08,22.420000076293945,22.420000076293945,22.420000076293945,22.420000076293945,0
2018-08-09,22.43000030517578,22.43000030517578,22.43000030517578,22.43000030517578,0
2018-08-10,22.829999923706055,22.829999923706055,22.829999923706055,22.829999923706055,0
2018-08-13,22.610000610351562,22.610000610351562,22.610000610351562,22.610000610351562,0
2018-08-14,22.899999618530273,22.899999618530273,22.899999618530273,22.899999618530273,0
2018-08-15,22.520000457763672,22.520000457763672,22.520000457763672,22.520000457763672,0
2018-08-16,22.6200008392334,22.6200008392334,22.6200008392334,22.6200008392334,0
2018-08-17,22.719999313354492,22.719999313354492,22.719999313354492,22.719999313354492,0
2018-08-20,22.799999237060547,22.799999237060547,22.799999237060547,22.799999237060547,0
2018-08-21,23.059999465942383,23.059999465942383,23.059999465942383,23.059999465942383,0
2018-08-22,23.389999389648438,23.389999389648438,23.389999389648438,23.389999389648438,0
2018-08-23,23.600000381469727,23.600000381469727,23.600000381469727,23.600000381469727,0
2018-08-24,23.8799991607666,23.8799991607666,23.8799991607666,23.8799991607666,0
2018-08-27,24.0,24.0,24.0,24.0,0
2018-08-28,24.270000457763672,24.270000457763672,24.270000457763672,24.270000457763672,0
2018-08-29,24.469999313354492,24.469999313354492,24.469999313354492,24.469999313354492,0
2018-08-30,24.5,24.5,24.5,24.5,0
2018-08-31,24.670000076293945,24.670000076293945,24.670000076293945,24.670000076293945,0
2018-09-04,24.700000762939453,24.700000762939453,24.700000762939453,24.700000762939453,0
2018-09-05,24.3700008392334,24.3700008392334,24.3700008392334,24.3700008392334,0
2018-09-06,24.170000076293945,24.170000076293945,24.170000076293945,24.170000076293945,0
2018-09-07,24.200000762939453,24.200000762939453,24.200000762939453,24.200000762939453,0
2018-09-10,24.31999969482422,24.31999969482422,24.31999969482422,24.31999969482422,0
2018-09-11,24.200000762939453,24.200000762939453,24.200000762939453,24.200000762939453,0
2018-09-12,24.09000015258789,24.09000015258789,24.09000015258789,24.09000015258789,0
2018-09-13,24.1200008392334,24.1200008392334,24.1200008392334,24.1200008392334,0
2018-09-14,24.09000015258789,24.09000015258789,24.09000015258789,24.09000015258789,0
2018-09-17,23.790000915527344,23.790000915527344,23.790000915527344,23.790000915527344,0
2018-09-18,24.149999618530273,24.149999618530273,24.149999618530273,24.149999618530273,0
2018-09-19,23.889999389648438,23.889999389648438,23.889999389648438,23.889999389648438,0
2018-09-20,24.030000686645508,24.030000686645508,24.030000686645508,24.030000686645508,0
2018-09-21,24.06999969482422,24.06999969482422,24.06999969482422,24.06999969482422,0
2018-09-24,23.940000534057617,23.940000534057617,23.940000534057617,23.940000534057617,0
2018-09-25,24.219999313354492,24.219999313354492,24.219999313354492,24.219999313354492,0
2018-09-26,23.93000030517578,23.93000030517578,23.93000030517578,23.93000030517578,0
2018-09-27,23.979999542236328,23.979999542236328,23.979999542236328,23.979999542236328,0
2018-09-28,24.030000686645508,24.030000686645508,24.030000686645508,24.030000686645508,0
2018-10-01,23.600000381469727,23.600000381469727,23.600000381469727,23.600000381469727,0
2018-10-02,23.239999771118164,23.239999771118164,23.239999771118164,23.239999771118164,0
2018-10-03,23.450000762939453,23.450000762939453,23.450000762939453,23.450000762939453,0
2018-10-04,22.979999542236328,22.979999542236328,22.979999542236328,22.979999542236328,0
2018-10-05,22.639999389648438,22.639999389648438,22.639999389648438,22.639999389648438,0
2018-10-08,22.309999465942383,22.309999465942383,22.309999465942383,22.309999465942383,0
2018-10-09,22.170000076293945,22.170000076293945,22.170000076293945,22.170000076293945,0
2018-10-10,21.3799991607666,21.3799991607666,21.3799991607666,21.3799991607666,0
2018-10-11,21.1299991607666,21.1299991607666,21.1299991607666,21.1299991607666,0
2018-10-12,21.43000030517578,21.43000030517578,21.43000030517578,21.43000030517578,0
2018-10-15,21.450000762939453,21.450000762939453,21.450000762939453,21.450000762939453,0
2018-10-16,22.239999771118164,22.239999771118164,22.239999771118164,22.239999771118164,0
2018-10-17,22.190000534057617,22.190000534057617,22.190000534057617,22.190000534057617,0
2018-10-18,21.809999465942383,21.809999465942383,21.809999465942383,21.809999465942383,0
2018-10-19,21.510000228881836,21.510000228881836,21.510000228881836,21.510000228881836,0
2018-10-22,21.329999923706055,21.329999923706055,21.329999923706055,21.329999923706055,0
2018-10-23,21.110000610351562,21.110000610351562,21.110000610351562,21.110000610351562,0
2018-10-24,20.389999389648438,20.389999389648438,20.389999389648438,20.389999389648438,0
2018-10-25,20.739999771118164,20.739999771118164,20.739999771118164,20.739999771118164,0
2018-10-26,20.40999984741211,20.40999984741211,20.40999984741211,20.40999984741211,0
2018-10-29,20.09000015258789,20.09000015258789,20.09000015258789,20.09000015258789,0
2018-10-30,20.559999465942383,20.559999465942383,20.559999465942383,20.559999465942383,0
2018-10-31,21.0,21.0,21.0,21.0,0
2018-11-01,21.479999542236328,21.479999542236328,21.479999542236328,21.479999542236328,0
2018-11-02,21.649999618530273,21.649999618530273,21.649999618530273,21.649999618530273,0
2018-11-05,21.290000915527344,21.290000915527344,21.290000915527344,21.290000915527344,0
2018-11-06,21.190000534057617,21.190000534057617,21.190000534057617,21.190000534057617,0
2018-11-07,21.479999542236328,21.479999542236328,21.479999542236328,21.479999542236328,0
2018-11-08,21.3700008392334,21.3700008392334,21.3700008392334,21.3700008392334,0
2018-11-09,20.860000610351562,20.860000610351562,20.860000610351562,20.860000610351562,0
2018-11-12,20.219999313354492,20.219999313354492,20.219999313354492,20.219999313354492,0
2018-11-13,20.229999542236328,20.229999542236328,20.229999542236328,20.229999542236328,0
2018-11-14,20.219999313354492,20.219999313354492,20.219999313354492,20.219999313354492,0
2018-11-15,20.6200008392334,20.6200008392334,20.6200008392334,20.6200008392334,0
2018-11-16,20.639999389648438,20.639999389648438,20.639999389648438,20.639999389648438,0
2018-11-19,19.860000610351562,19.860000610351562,19.860000610351562,19.860000610351562,0
2018-11-20,19.579999923706055,19.579999923706055,19.579999923706055,19.579999923706055,0
2018-11-21,19.950000762939453,19.950000762939453,19.950000762939453,19.950000762939453,0
2018-11-23,20.040000915527344,20.040000915527344,20.040000915527344,20.040000915527344,0
2018-11-26,20.260000228881836,20.260000228881836,20.260000228881836,20.260000228881836,0
2018-11-27,20.149999618530273,20.149999618530273,20.149999618530273,20.149999618530273,0
2018-11-28,20.760000228881836,20.760000228881836,20.760000228881836,20.760000228881836,0
2018-11-29,19.329999923706055,19.329999923706055,19.329999923706055,19.329999923706055,0
2018-11-30,19.3700008392334,19.3700008392334,19.3700008392334,19.3700008392334,0
2018-12-03,19.600000381469727,19.600000381469727,19.600000381469727,19.600000381469727,0
2018-12-04,18.8700008392334,18.8700008392334,18.8700008392334,18.8700008392334,0
2018-12-06,18.860000610351562,18.860000610351562,18.860000610351562,18.860000610351562,0
2018-12-07,18.440000534057617,18.440000534057617,18.440000534057617,18.440000534057617,0
2018-12-10,18.440000534057617,18.440000534057617,18.440000534057617,18.440000534057617,0
2018-12-11,18.309999465942383,18.309999465942383,18.309999465942383,18.309999465942383,0
2018-12-12,18.479999542236328,18.479999542236328,18.479999542236328,18.479999542236328,0
2018-12-13,18.260000228881836,18.260000228881836,18.260000228881836,18.260000228881836,0
2018-12-14,17.959999084472656,17.959999084472656,17.959999084472656,17.959999084472656,0
2018-12-17,17.3700008392334,17.3700008392334,17.3700008392334,17.3700008392334,0
2018-12-18,17.350000381469727,17.350000381469727,17.350000381469727,17.350000381469727,0
2018-12-19,17.110000610351562,17.110000610351562,17.110000610351562,17.110000610351562,0
2018-12-20,16.579999923706055,16.579999923706055,16.579999923706055,16.579999923706055,0
2018-12-21,16.06999969482422,16.06999969482422,16.06999969482422,16.06999969482422,0
2018-12-24,15.869999885559082,15.869999885559082,15.869999885559082,15.869999885559082,0
2018-12-26,16.610000610351562,16.610000610351562,16.610000610351562,16.610000610351562,0
2018-12-27,16.75,16.75,16.75,16.75,0
2018-12-28,16.90999984741211,16.90999984741211,16.90999984741211,16.90999984741211,0
2018-12-31,17.09000015258789,17.09000015258789,17.09000015258789,17.09000015258789,0
2019-01-02,17.09000015258789,17.09000015258789,17.09000015258789,17.09000015258789,0
2019-01-03,16.649999618530273,16.649999618530273,16.649999618530273,16.649999618530273,0
2019-01-04,17.34000015258789,17.34000015258789,17.34000015258789,17.34000015258789,0
2019-01-07,17.700000762939453,17.700000762939453,17.700000762939453,17.700000762939453,0
2019-01-08,17.950000762939453,17.950000762939453,17.950000762939453,17.950000762939453,0
2019-01-09,18.149999618530273,18.149999618530273,18.149999618530273,18.149999618530273,0
2019-01-10,18.31999969482422,18.31999969482422,18.31999969482422,18.31999969482422,0
2019-01-11,18.31999969482422,18.31999969482422,18.31999969482422,18.31999969482422,0
2019-01-14,18.020000457763672,18.020000457763672,18.020000457763672,18.020000457763672,0
2019-01-15,18.25,18.25,18.25,18.25,0
2019-01-16,18.280000686645508,18.280000686645508,18.280000686645508,18.280000686645508,0
2019-01-17,18.420000076293945,18.420000076293945,18.420000076293945,18.420000076293945,0
2019-01-18,18.690000534057617,18.690000534057617,18.690000534057617,18.690000534057617,0
2019-01-22,18.360000610351562,18.360000610351562,18.360000610351562,18.360000610351562,0
2019-01-23,18.290000915527344,18.290000915527344,18.290000915527344,18.290000915527344,0
2019-01-24,18.469999313354492,18.469999313354492,18.469999313354492,18.469999313354492,0
2019-01-25,18.790000915527344,18.790000915527344,18.790000915527344,18.790000915527344,0
2019-01-28,18.56999969482422,18.56999969482422,18.56999969482422,18.56999969482422,0
2019-01-29,18.479999542236328,18.479999542236328,18.479999542236328,18.479999542236328,0
2019-01-30,18.799999237060547,18.799999237060547,18.799999237060547,18.799999237060547,0
2019-01-31,19.09000015258789,19.09000015258789,19.09000015258789,19.09000015258789,0
2019-02-01,19.040000915527344,19.040000915527344,19.040000915527344,19.040000915527344,0
2019-02-04,19.3799991607666,19.3799991607666,19.3799991607666,19.3799991607666,0
2019-02-05,19.459999084472656,19.459999084472656,19.459999084472656,19.459999084472656,0
2019-02-06,19.3799991607666,19.3799991607666,19.3799991607666,19.3799991607666,0
2019-02-07,19.110000610351562,19.110000610351562,19.110000610351562,19.110000610351562,0
2019-02-08,19.229999542236328,19.229999542236328,19.229999542236328,19.229999542236328,0
2019-02-11,19.329999923706055,19.329999923706055,19.329999923706055,19.329999923706055,0
2019-02-12,19.639999389648438,19.639999389648438,19.639999389648438,19.639999389648438,0
2019-02-13,19.65999984741211,19.65999984741211,19.65999984741211,19.65999984741211,0
2019-02-14,19.760000228881836,19.760000228881836,19.760000228881836,19.760000228881836,0
2019-02-15,20.06999969482422,20.06999969482422,20.06999969482422,20.06999969482422,0
2019-02-19,20.219999313354492,20.219999313354492,20.219999313354492,20.219999313354492,0
2019-02-20,20.31999969482422,20.31999969482422,20.31999969482422,20.31999969482422,0
2019-02-21,20.209999084472656,20.209999084472656,20.209999084472656,20.209999084472656,0
2019-02-22,20.729999542236328,20.729999542236328,20.729999542236328,20.729999542236328,0
2019-02-25,20.709999084472656,20.709999084472656,20.709999084472656,20.709999084472656,0
2019-02-26,20.670000076293945,20.670000076293945,20.670000076293945,20.670000076293945,0
2019-02-27,20.84000015258789,20.84000015258789,20.84000015258789,20.84000015258789,0
2019-02-28,20.690000534057617,20.690000534057617,20.690000534057617,20.690000534057617,0
2019-03-01,20.979999542236328,20.979999542236328,20.979999542236328,20.979999542236328,0
2019-03-04,20.670000076293945,20.670000076293945,20.670000076293945,20.670000076293945,0
2019-03-05,20.65999984741211,20.65999984741211,20.65999984741211,20.65999984741211,0
2019-03-06,20.290000915527344,20.290000915527344,20.290000915527344,20.290000915527344,0
2019-03-07,20.299999237060547,20.299999237060547,20.299999237060547,20.299999237060547,0
2019-03-08,20.34000015258789,20.34000015258789,20.34000015258789,20.34000015258789,0
2019-03-11,20.700000762939453,20.700000762939453,20.700000762939453,20.700000762939453,0
2019-03-12,20.75,20.75,20.75,20.75,0
2019-03-13,20.780000686645508,20.780000686645508,20.780000686645508,20.780000686645508,0
2019-03-14,20.729999542236328,20.729999542236328,20.729999542236328,20.729999542236328,0
2019-03-15,20.75,20.75,20.75,20.75,0
2019-03-18,20.81999969482422,20.81999969482422,20.81999969482422,20.81999969482422,0
2019-03-19,20.700000762939453,20.700000762939453,20.700000762939453,20.700000762939453,0
2019-03-20,20.68000030517578,20.68000030517578,20.68000030517578,20.68000030517578,0
2019-03-21,21.0,21.0,21.0,21.0,0
2019-03-22,20.350000381469727,20.350000381469727,20.350000381469727,20.350000381469727,0
2019-03-25,20.309999465942383,20.309999465942383,20.309999465942383,20.309999465942383,0
2019-03-26,20.3700008392334,20.3700008392334,20.3700008392334,20.3700008392334,0
2019-03-27,20.15999984741211,20.15999984741211,20.15999984741211,20.15999984741211,0
2019-03-28,20.31999969482422,20.31999969482422,20.31999969482422,20.31999969482422,0
2019-03-29,20.459999084472656,20.459999084472656,20.459999084472656,20.459999084472656,0
2019-04-01,20.56999969482422,20.56999969482422,20.56999969482422,20.56999969482422,0
2019-04-02,20.6299991607666,20.6299991607666,20.6299991607666,20.6299991607666,0
2019-04-03,20.75,20.75,20.75,20.75,0
2019-04-04,20.68000030517578,20.68000030517578,20.68000030517578,20.68000030517578,0
2019-04-05,20.8799991607666,20.8799991607666,20.8799991607666,20.8799991607666,0
2019-04-08,20.770000457763672,20.770000457763672,20.770000457763672,20.770000457763672,0
2019-04-09,20.549999237060547,20.549999237060547,20.549999237060547,20.549999237060547,0
2019-04-10,20.700000762939453,20.700000762939453,20.700000762939453,20.700000762939453,0
2019-04-11,20.700000762939453,20.700000762939453,20.700000762939453,20.700000762939453,0
2019-04-12,20.65999984741211,20.65999984741211,20.65999984741211,20.65999984741211,0
2019-04-15,20.610000610351562,20.610000610351562,20.610000610351562,20.610000610351562,0
2019-04-16,20.600000381469727,20.600000381469727,20.600000381469727,20.600000381469727,0
2019-04-17,20.360000610351562,20.360000610351562,20.360000610351562,20.360000610351562,0
2019-04-18,20.420000076293945,20.420000076293945,20.420000076293945,20.420000076293945,0
2019-04-22,20.59000015258789,20.59000015258789,20.59000015258789,20.59000015258789,0
2019-04-23,20.8700008392334,20.8700008392334,20.8700008392334,20.8700008392334,0
2019-04-24,20.850000381469727,20.850000381469727,20.850000381469727,20.850000381469727,0
2019-04-25,20.770000457763672,20.770000457763672,20.770000457763672,20.770000457763672,0
2019-04-26,21.0,21.0,21.0,21.0,0
2019-04-29,21.110000610351562,21.110000610351562,21.110000610351562,21.110000610351562,0
2019-04-30,21.1200008392334,21.1200008392334,21.1200008392334,21.1200008392334,0
2019-05-01,21.0,21.0,21.0,21.0,0
2019-05-02,20.989999771118164,20.989999771118164,20.989999771118164,20.989999771118164,0
2019-05-03,21.399999618530273,21.399999618530273,21.399999618530273,21.399999618530273,0
2019-05-06,21.479999542236328,21.479999542236328,21.479999542236328,21.479999542236328,0
2019-05-07,20.770000457763672,20.770000457763672,20.770000457763672,20.770000457763672,0
2019-05-08,20.3799991607666,20.3799991607666,20.3799991607666,20.3799991607666,0
2019-05-09,20.329999923706055,20.329999923706055,20.329999923706055,20.329999923706055,0
2019-05-10,20.309999465942383,20.309999465942383,20.309999465942383,20.309999465942383,0
2019-05-13,19.709999084472656,19.709999084472656,19.709999084472656,19.709999084472656,0
2019-05-14,19.920000076293945,19.920000076293945,19.920000076293945,19.920000076293945,0
2019-05-15,20.190000534057617,20.190000534057617,20.190000534057617,20.190000534057617,0
2019-05-16,20.34000015258789,20.34000015258789,20.34000015258789,20.34000015258789,0
2019-05-17,20.010000228881836,20.010000228881836,20.010000228881836,20.010000228881836,0
2019-05-20,19.850000381469727,19.850000381469727,19.850000381469727,19.850000381469727,0
2019-05-21,20.170000076293945,20.170000076293945,20.170000076293945,20.170000076293945,0
2019-05-22,20.059999465942383,20.059999465942383,20.059999465942383,20.059999465942383,0
2019-05-23,19.690000534057617,19.690000534057617,19.690000534057617,19.690000534057617,0
2019-05-24,19.790000915527344,19.790000915527344,19.790000915527344,19.790000915527344,0
2019-05-28,19.75,19.75,19.75,19.75,0
2019-05-29,19.510000228881836,19.510000228881836,19.510000228881836,19.510000228881836,0
2019-05-30,19.5,19.5,19.5,19.5,0
2019-05-31,19.25,19.25,19.25,19.25,0
2019-06-03,19.059999465942383,19.059999465942383,19.059999465942383,19.059999465942383,0
2019-06-04,19.549999237060547,19.549999237060547,19.549999237060547,19.549999237060547,0
2019-06-05,19.690000534057617,19.690000534057617,19.690000534057617,19.690000534057617,0
2019-06-06,19.639999389648438,19.639999389648438,19.639999389648438,19.639999389648438,0
2019-06-07,19.8799991607666,19.8799991607666,19.8799991607666,19.8799991607666,0
2019-06-10,19.989999771118164,19.989999771118164,19.989999771118164,19.989999771118164,0
2019-06-11,19.850000381469727,19.850000381469727,19.850000381469727,19.850000381469727,0
2019-06-12,19.93000030517578,19.93000030517578,19.93000030517578,19.93000030517578,0
2019-06-13,20.389999389648438,20.389999389648438,20.389999389648438,20.389999389648438,0
2019-06-14,20.030000686645508,20.030000686645508,20.030000686645508,20.030000686645508,0
2019-06-17,20.360000610351562,20.360000610351562,20.360000610351562,20.360000610351562,0
2019-06-18,20.450000762939453,20.450000762939453,20.450000762939453,20.450000762939453,0
2019-06-19,20.520000457763672,20.520000457763672,20.520000457763672,20.520000457763672,0
2019-06-20,20.540000915527344,20.540000915527344,20.540000915527344,20.540000915527344,0
2019-06-21,20.350000381469727,20.350000381469727,20.350000381469727,20.350000381469727,0
2019-06-24,20.010000228881836,20.010000228881836,20.010000228881836,20.010000228881836,0
2019-06-25,19.829999923706055,19.829999923706055,19.829999923706055,19.829999923706055,0
2019-06-26,19.860000610351562,19.860000610351562,19.860000610351562,19.860000610351562,0
2019-06-27,20.280000686645508,20.280000686645508,20.280000686645508,20.280000686645508,0
2019-06-28,20.68000030517578,20.68000030517578,20.68000030517578,20.68000030517578,0
2019-07-01,20.610000610351562,20.610000610351562,20.610000610351562,20.610000610351562,0
2019-07-02,20.579999923706055,20.579999923706055,20.579999923706055,20.579999923706055,0
2019-07-03,20.68000030517578,20.68000030517578,20.68000030517578,20.68000030517578,0
2019-07-05,20.670000076293945,20.670000076293945,20.670000076293945,20.670000076293945,0
2019-07-08,20.43000030517578,20.43000030517578,20.43000030517578,20.43000030517578,0
2019-07-09,20.56999969482422,20.56999969482422,20.56999969482422,20.56999969482422,0
2019-07-10,20.729999542236328,20.729999542236328,20.729999542236328,20.729999542236328,0
2019-07-11,20.649999618530273,20.649999618530273,20.649999618530273,20.649999618530273,0
2019-07-12,20.729999542236328,20.729999542236328,20.729999542236328,20.729999542236328,0
2019-07-15,20.690000534057617,20.690000534057617,20.690000534057617,20.690000534057617,0
2019-07-16,20.489999771118164,20.489999771118164,20.489999771118164,20.489999771118164,0
2019-07-17,20.40999984741211,20.40999984741211,20.40999984741211,20.40999984741211,0
2019-07-18,20.450000762939453,20.450000762939453,20.450000762939453,20.450000762939453,0
2019-07-19,20.40999984741211,20.40999984741211,20.40999984741211,20.40999984741211,0
2019-07-22,20.3799991607666,20.3799991607666,20.3799991607666,20.3799991607666,0
2019-07-23,20.329999923706055,20.329999923706055,20.329999923706055,20.329999923706055,0
2019-07-24,20.639999389648438,20.639999389648438,20.639999389648438,20.639999389648438,0
2019-07-25,20.459999084472656,20.459999084472656,20.459999084472656,20.459999084472656,0
2019-07-26,20.760000228881836,20.760000228881836,20.760000228881836,20.760000228881836,0
2019-07-29,20.549999237060547,20.549999237060547,20.549999237060547,20.549999237060547,0
2019-07-30,20.780000686645508,20.780000686645508,20.780000686645508,20.780000686645508,0
2019-07-31,20.639999389648438,20.639999389648438,20.639999389648438,20.639999389648438,0
2019-08-01,20.799999237060547,20.799999237060547,20.799999237060547,20.799999237060547,0
2019-08-02,20.709999084472656,20.709999084472656,20.709999084472656,20.709999084472656,0
2019-08-05,19.989999771118164,19.989999771118164,19.989999771118164,19.989999771118164,0
2019-08-06,20.059999465942383,20.059999465942383,20.059999465942383,20.059999465942383,0
2019-08-07,20.059999465942383,20.059999465942383,20.059999465942383,20.059999465942383,0
2019-08-08,20.360000610351562,20.360000610351562,20.360000610351562,20.360000610351562,0
2019-08-09,19.989999771118164,19.989999771118164,19.989999771118164,19.989999771118164,0
2019-08-12,19.850000381469727,19.850000381469727,19.850000381469727,19.850000381469727,0
2019-08-13,19.959999084472656,19.959999084472656,19.959999084472656,19.959999084472656,0
2019-08-14,19.020000457763672,19.020000457763672,19.020000457763672,19.020000457763672,0
2019-08-15,19.010000228881836,19.010000228881836,19.010000228881836,19.010000228881836,0
2019-08-16,19.420000076293945,19.420000076293945,19.420000076293945,19.420000076293945,0
2019-08-19,19.540000915527344,19.540000915527344,19.540000915527344,19.540000915527344,0
2019-08-20,19.440000534057617,19.440000534057617,19.440000534057617,19.440000534057617,0
2019-08-21,19.68000030517578,19.68000030517578,19.68000030517578,19.68000030517578,0
2019-08-22,19.59000015258789,19.59000015258789,19.59000015258789,19.59000015258789,0
2019-08-23,19.139999389648438,19.139999389648438,19.139999389648438,19.139999389648438,0
2019-08-26,19.280000686645508,19.280000686645508,19.280000686645508,19.280000686645508,0
2019-08-27,19.079999923706055,19.079999923706055,19.079999923706055,19.079999923706055,0
2019-08-28,19.190000534057617,19.190000534057617,19.190000534057617,19.190000534057617,0
2019-08-29,19.549999237060547,19.549999237060547,19.549999237060547,19.549999237060547,0
2019-08-30,19.520000457763672,19.520000457763672,19.520000457763672,19.520000457763672,0
2019-09-03,19.270000457763672,19.270000457763672,19.270000457763672,19.270000457763672,0
2019-09-04,19.489999771118164,19.489999771118164,19.489999771118164,19.489999771118164,0
2019-09-05,19.850000381469727,19.850000381469727,19.850000381469727,19.850000381469727,0
2019-09-06,19.709999084472656,19.709999084472656,19.709999084472656,19.709999084472656,0
2019-09-09,19.559999465942383,19.559999465942383,19.559999465942383,19.559999465942383,0
2019-09-10,19.6200008392334,19.6200008392334,19.6200008392334,19.6200008392334,0
2019-09-11,19.8799991607666,19.8799991607666,19.8799991607666,19.8799991607666,0
2019-09-12,19.959999084472656,19.959999084472656,19.959999084472656,19.959999084472656,0
2019-09-13,20.09000015258789,20.09000015258789,20.09000015258789,20.09000015258789,0
2019-09-16,20.209999084472656,20.209999084472656,20.209999084472656,20.209999084472656,0
2019-09-17,20.389999389648438,20.389999389648438,20.389999389648438,20.389999389648438,0
2019-09-18,20.290000915527344,20.290000915527344,20.290000915527344,20.290000915527344,0
2019-09-19,20.31999969482422,20.31999969482422,20.31999969482422,20.31999969482422,0
2019-09-20,20.309999465942383,20.309999465942383,20.309999465942383,20.309999465942383,0
2019-09-23,20.219999313354492,20.219999313354492,20.219999313354492,20.219999313354492,0
2019-09-24,19.950000762939453,19.950000762939453,19.950000762939453,19.950000762939453,0
2019-09-25,20.079999923706055,20.079999923706055,20.079999923706055,20.079999923706055,0
2019-09-26,19.940000534057617,19.940000534057617,19.940000534057617,19.940000534057617,0
2019-09-27,19.579999923706055,19.579999923706055,19.579999923706055,19.579999923706055,0
2019-09-30,19.68000030517578,19.68000030517578,19.68000030517578,19.68000030517578,0
2019-10-01,19.239999771118164,19.239999771118164,19.239999771118164,19.239999771118164,0
2019-10-02,19.030000686645508,19.030000686645508,19.030000686645508,19.030000686645508,0
2019-10-03,19.290000915527344,19.290000915527344,19.290000915527344,19.290000915527344,0
2019-10-04,19.510000228881836,19.510000228881836,19.510000228881836,19.510000228881836,0
2019-10-07,19.469999313354492,19.469999313354492,19.469999313354492,19.469999313354492,0
2019-10-08,19.170000076293945,19.170000076293945,19.170000076293945,19.170000076293945,0
2019-10-09,19.31999969482422,19.31999969482422,19.31999969482422,19.31999969482422,0
2019-10-10,19.229999542236328,19.229999542236328,19.229999542236328,19.229999542236328,0
2019-10-11,19.530000686645508,19.530000686645508,19.530000686645508,19.530000686645508,0
2019-10-14,19.559999465942383,19.559999465942383,19.559999465942383,19.559999465942383,0
2019-10-15,19.790000915527344,19.790000915527344,19.790000915527344,19.790000915527344,0
2019-10-16,19.65999984741211,19.65999984741211,19.65999984741211,19.65999984741211,0
2019-10-17,19.889999389648438,19.889999389648438,19.889999389648438,19.889999389648438,0
2019-10-18,19.75,19.75,19.75,19.75,0
2019-10-21,19.940000534057617,19.940000534057617,19.940000534057617,19.940000534057617,0
2019-10-22,19.850000381469727,19.850000381469727,19.850000381469727,19.850000381469727,0
2019-10-23,19.809999465942383,19.809999465942383,19.809999465942383,19.809999465942383,0
2019-10-24,19.84000015258789,19.84000015258789,19.84000015258789,19.84000015258789,0
2019-10-25,20.049999237060547,20.049999237060547,20.049999237060547,20.049999237060547,0
2019-10-28,20.280000686645508,20.280000686645508,20.280000686645508,20.280000686645508,0
2019-10-29,20.329999923706055,20.329999923706055,20.329999923706055,20.329999923706055,0
2019-10-30,20.399999618530273,20.399999618530273,20.399999618530273,20.399999618530273,0
2019-10-31,20.420000076293945,20.420000076293945,20.420000076293945,20.420000076293945,0
2019-11-01,20.59000015258789,20.59000015258789,20.59000015258789,20.59000015258789,0
2019-11-04,20.459999084472656,20.459999084472656,20.459999084472656,20.459999084472656,0
2019-11-05,20.290000915527344,20.290000915527344,20.290000915527344,20.290000915527344,0
2019-11-06,20.18000030517578,20.18000030517578,20.18000030517578,20.18000030517578,0
2019-11-07,20.09000015258789,20.09000015258789,20.09000015258789,20.09000015258789,0
2019-11-08,20.290000915527344,20.290000915527344,20.290000915527344,20.290000915527344,0
2019-11-11,20.360000610351562,20.360000610351562,20.360000610351562,20.360000610351562,0
2019-11-12,20.5,20.5,20.5,20.5,0
2019-11-13,20.600000381469727,20.600000381469727,20.600000381469727,20.600000381469727,0
2019-11-14,20.700000762939453,20.700000762939453,20.700000762939453,20.700000762939453,0
2019-11-15,20.8799991607666,20.8799991607666,20.8799991607666,20.8799991607666,0
2019-11-18,20.899999618530273,20.899999618530273,20.899999618530273,20.899999618530273,0
2019-11-19,20.940000534057617,20.940000534057617,20.940000534057617,20.940000534057617,0
2019-11-20,20.989999771118164,20.989999771118164,20.989999771118164,20.989999771118164,0
2019-11-21,20.860000610351562,20.860000610351562,20.860000610351562,20.860000610351562,0
2019-11-22,20.93000030517578,20.93000030517578,20.93000030517578,20.93000030517578,0
2019-11-25,21.360000610351562,21.360000610351562,21.360000610351562,21.360000610351562,0
2019-11-26,21.420000076293945,21.420000076293945,21.420000076293945,21.420000076293945,0
2019-11-27,21.59000015258789,21.59000015258789,21.59000015258789,21.59000015258789,0
2019-11-29,21.489999771118164,21.489999771118164,21.489999771118164,21.489999771118164,0
2019-12-02,21.170000076293945,21.170000076293945,21.170000076293945,21.170000076293945,0
2019-12-03,21.200000762939453,21.200000762939453,21.200000762939453,21.200000762939453,0
2019-12-04,21.1299991607666,21.1299991607666,21.1299991607666,21.1299991607666,0
2019-12-05,20.979999542236328,20.979999542236328,20.979999542236328,20.979999542236328,0
2019-12-06,21.1200008392334,21.1200008392334,21.1200008392334,21.1200008392334,0
2019-12-09,20.84000015258789,20.84000015258789,20.84000015258789,20.84000015258789,0
2019-12-10,20.850000381469727,20.850000381469727,20.850000381469727,20.850000381469727,0
2019-12-11,20.940000534057617,20.940000534057617,20.940000534057617,20.940000534057617,0
2019-12-12,21.170000076293945,21.170000076293945,21.170000076293945,21.170000076293945,0
2019-12-13,21.1200008392334,21.1200008392334,21.1200008392334,21.1200008392334,0
2019-12-16,21.260000228881836,21.260000228881836,21.260000228881836,21.260000228881836,0
2019-12-17,21.329999923706055,21.329999923706055,21.329999923706055,21.329999923706055,0
2019-12-18,21.31999969482422,21.31999969482422,21.31999969482422,21.31999969482422,0
2019-12-19,21.420000076293945,21.420000076293945,21.420000076293945,21.420000076293945,0
2019-12-20,21.549999237060547,21.549999237060547,21.549999237060547,21.549999237060547,0
2019-12-23,21.639999389648438,21.639999389648438,21.639999389648438,21.639999389648438,0
2019-12-24,21.739999771118164,21.739999771118164,21.739999771118164,21.739999771118164,0
2019-12-26,21.739999771118164,21.739999771118164,21.739999771118164,21.739999771118164,0
2019-12-27,21.709999084472656,21.709999084472656,21.709999084472656,21.709999084472656,0
2019-12-30,21.59000015258789,21.59000015258789,21.59000015258789,21.59000015258789,0
2019-12-31,21.649999618530273,21.649999618530273,21.649999618530273,21.649999618530273,0
2020-01-02,21.649999618530273,21.649999618530273,21.649999618530273,21.649999618530273,0
2020-01-03,21.520000457763672,21.520000457763672,21.520000457763672,21.520000457763672,0
2020-01-06,21.670000076293945,21.670000076293945,21.670000076293945,21.670000076293945,0
2020-01-07,21.56999969482422,21.56999969482422,21.56999969482422,21.56999969482422,0
2020-01-08,21.649999618530273,21.649999618530273,21.649999618530273,21.649999618530273,0
2020-01-09,21.770000457763672,21.770000457763672,21.770000457763672,21.770000457763672,0
2020-01-10,21.809999465942383,21.809999465942383,21.809999465942383,21.809999465942383,0
2020-01-13,21.84000015258789,21.84000015258789,21.84000015258789,21.84000015258789,0
2020-01-14,22.010000228881836,22.010000228881836,22.010000228881836,22.010000228881836,0
2020-01-15,22.110000610351562,22.110000610351562,22.110000610351562,22.110000610351562,0
2020-01-16,22.34000015258789,22.34000015258789,22.34000015258789,22.34000015258789,0
2020-01-17,22.200000762939453,22.200000762939453,22.200000762939453,22.200000762939453,0
2020-01-21,22.200000762939453,22.200000762939453,22.200000762939453,22.200000762939453,0
2020-01-22,22.190000534057617,22.190000534057617,22.190000534057617,22.190000534057617,0
2020-01-23,22.25,22.25,22.25,22.25,0
2020-01-24,22.079999923706055,22.079999923706055,22.079999923706055,22.079999923706055,0
2020-01-27,21.84000015258789,21.84000015258789,21.84000015258789,21.84000015258789,0
2020-01-28,22.139999389648438,22.139999389648438,22.139999389648438,22.139999389648438,0
2020-01-29,22.229999542236328,22.229999542236328,22.229999542236328,22.229999542236328,0
2020-01-30,22.190000534057617,22.190000534057617,22.190000534057617,22.190000534057617,0
2020-01-31,21.729999542236328,21.729999542236328,21.729999542236328,21.729999542236328,0
2020-02-03,21.979999542236328,21.979999542236328,21.979999542236328,21.979999542236328,0
2020-02-04,22.489999771118164,22.489999771118164,22.489999771118164,22.489999771118164,0
2020-02-05,22.68000030517578,22.68000030517578,22.68000030517578,22.68000030517578,0
2020-02-06,22.790000915527344,22.790000915527344,22.790000915527344,22.790000915527344,0
2020-02-07,22.6299991607666,22.6299991607666,22.6299991607666,22.6299991607666,0
2020-02-10,22.889999389648438,22.889999389648438,22.889999389648438,22.889999389648438,0
2020-02-11,23.06999969482422,23.06999969482422,23.06999969482422,23.06999969482422,0
2020-02-12,23.290000915527344,23.290000915527344,23.290000915527344,23.290000915527344,0
2020-02-13,23.65999984741211,23.65999984741211,23.65999984741211,23.65999984741211,0
2020-02-14,23.709999084472656,23.709999084472656,23.709999084472656,23.709999084472656,0
2020-02-18,23.760000228881836,23.760000228881836,23.760000228881836,23.760000228881836,0
2020-02-19,23.950000762939453,23.950000762939453,23.950000762939453,23.950000762939453,0
2020-02-20,23.989999771118164,23.989999771118164,23.989999771118164,23.989999771118164,0
2020-02-21,23.670000076293945,23.670000076293945,23.670000076293945,23.670000076293945,0
2020-02-24,22.969999313354492,22.969999313354492,22.969999313354492,22.969999313354492,0
2020-02-25,22.239999771118164,22.239999771118164,22.239999771118164,22.239999771118164,0
2020-02-26,22.06999969482422,22.06999969482422,22.06999969482422,22.06999969482422,0
2020-02-27,21.450000762939453,21.450000762939453,21.450000762939453,21.450000762939453,0
2020-02-28,21.299999237060547,21.299999237060547,21.299999237060547,21.299999237060547,0
2020-03-02,21.670000076293945,21.670000076293945,21.670000076293945,21.670000076293945,0
2020-03-03,21.329999923706055,21.329999923706055,21.329999923706055,21.329999923706055,0
2020-03-04,22.09000015258789,22.09000015258789,22.09000015258789,22.09000015258789,0
2020-03-05,21.40999984741211,21.40999984741211,21.40999984741211,21.40999984741211,0
2020-03-06,20.93000030517578,20.93000030517578,20.93000030517578,20.93000030517578,0
2020-03-09,19.18000030517578,19.18000030517578,19.18000030517578,19.18000030517578,0
2020-03-10,19.860000610351562,19.860000610351562,19.860000610351562,19.860000610351562,0
2020-03-11,18.649999618530273,18.649999618530273,18.649999618530273,18.649999618530273,0
2020-03-12,16.700000762939453,16.700000762939453,16.700000762939453,16.700000762939453,0
2020-03-13,17.559999465942383,17.559999465942383,17.559999465942383,17.559999465942383,0
2020-03-16,15.140000343322754,15.140000343322754,15.140000343322754,15.140000343322754,0
2020-03-17,15.989999771118164,15.989999771118164,15.989999771118164,15.989999771118164,0
2020-03-18,14.670000076293945,14.670000076293945,14.670000076293945,14.670000076293945,0
2020-03-19,15.270000457763672,15.270000457763672,15.270000457763672,15.270000457763672,0
2020-03-20,14.960000038146973,14.960000038146973,14.960000038146973,14.960000038146973,0
2020-03-23,15.010000228881836,15.010000228881836,15.010000228881836,15.010000228881836,0
2020-03-24,16.5,16.5,16.5,16.5,0
2020-03-25,16.959999084472656,16.959999084472656,16.959999084472656,16.959999084472656,0
2020-03-26,17.93000030517578,17.93000030517578,17.93000030517578,17.93000030517578,0
2020-03-27,17.110000610351562,17.110000610351562,17.110000610351562,17.110000610351562,0
2020-03-30,17.559999465942383,17.559999465942383,17.559999465942383,17.559999465942383,0
2020-03-31,17.329999923706055,17.329999923706055,17.329999923706055,17.329999923706055,0
2020-04-01,16.149999618530273,16.149999618530273,16.149999618530273,16.149999618530273,0
2020-04-02,16.360000610351562,16.360000610351562,16.360000610351562,16.360000610351562,0
2020-04-03,16.0,16.0,16.0,16.0,0
2020-04-06,17.079999923706055,17.079999923706055,17.079999923706055,17.079999923706055,0
2020-04-07,17.09000015258789,17.09000015258789,17.09000015258789,17.09000015258789,0
2020-04-08,17.860000610351562,17.860000610351562,17.860000610351562,17.860000610351562,0
2020-04-09,18.31999969482422,18.31999969482422,18.31999969482422,18.31999969482422,0
2020-04-13,17.90999984741211,17.90999984741211,17.90999984741211,17.90999984741211,0
2020-04-14,18.43000030517578,18.43000030517578,18.43000030517578,18.43000030517578,0
2020-04-15,17.8700008392334,17.8700008392334,17.8700008392334,17.8700008392334,0
2020-04-16,18.010000228881836,18.010000228881836,18.010000228881836,18.010000228881836,0
2020-04-17,18.780000686645508,18.780000686645508,18.780000686645508,18.780000686645508,0
2020-04-20,18.760000228881836,18.760000228881836,18.760000228881836,18.760000228881836,0
2020-04-21,18.170000076293945,18.170000076293945,18.170000076293945,18.170000076293945,0
2020-04-22,18.6299991607666,18.6299991607666,18.6299991607666,18.6299991607666,0
2020-04-23,18.719999313354492,18.719999313354492,18.719999313354492,18.719999313354492,0
2020-04-24,18.989999771118164,18.989999771118164,18.989999771118164,18.989999771118164,0
2020-04-27,19.610000610351562,19.610000610351562,19.610000610351562,19.610000610351562,0
2020-04-28,19.639999389648438,19.639999389648438,19.639999389648438,19.639999389648438,0
2020-04-29,20.549999237060547,20.549999237060547,20.549999237060547,20.549999237060547,0
2020-04-30,20.020000457763672,20.020000457763672,20.020000457763672,20.020000457763672,0
2020-05-01,19.579999923706055,19.579999923706055,19.579999923706055,19.579999923706055,0
2020-05-04,19.68000030517578,19.68000030517578,19.68000030517578,19.68000030517578,0
2020-05-05,20.15999984741211,20.15999984741211,20.15999984741211,20.15999984741211,0
2020-05-06,20.149999618530273,20.149999618530273,20.149999618530273,20.149999618530273,0
2020-05-07,20.549999237060547,20.549999237060547,20.549999237060547,20.549999237060547,0
2020-05-08,21.049999237060547,21.049999237060547,21.049999237060547,21.049999237060547,0
2020-05-11,21.260000228881836,21.260000228881836,21.260000228881836,21.260000228881836,0
2020-05-12,20.770000457763672,20.770000457763672,20.770000457763672,20.770000457763672,0
2020-05-13,20.309999465942383,20.309999465942383,20.309999465942383,20.309999465942383,0
2020-05-14,20.399999618530273,20.399999618530273,20.399999618530273,20.399999618530273,0
2020-05-15,20.799999237060547,20.799999237060547,20.799999237060547,20.799999237060547,0
2020-05-18,21.829999923706055,21.829999923706055,21.829999923706055,21.829999923706055,0
2020-05-19,21.690000534057617,21.690000534057617,21.690000534057617,21.690000534057617,0
2020-05-20,22.149999618530273,22.149999618530273,22.149999618530273,22.149999618530273,0
2020-05-21,22.200000762939453,22.200000762939453,22.200000762939453,22.200000762939453,0
2020-05-22,22.540000915527344,22.540000915527344,22.540000915527344,22.540000915527344,0
2020-05-26,22.809999465942383,22.809999465942383,22.809999465942383,22.809999465942383,0
2020-05-27,23.1299991607666,23.1299991607666,23.1299991607666,23.1299991607666,0
2020-05-28,22.84000015258789,22.84000015258789,22.84000015258789,22.84000015258789,0
2020-05-29,23.149999618530273,23.149999618530273,23.149999618530273,23.149999618530273,0
2020-06-01,23.469999313354492,23.469999313354492,23.469999313354492,23.469999313354492,0
2020-06-02,23.469999313354492,23.469999313354492,23.469999313354492,23.469999313354492,0
2020-06-03,23.809999465942383,23.809999465942383,23.809999465942383,23.809999465942383,0
2020-06-04,23.65999984741211,23.65999984741211,23.65999984741211,23.65999984741211,0
2020-06-05,24.270000457763672,24.270000457763672,24.270000457763672,24.270000457763672,0
2020-06-08,24.440000534057617,24.440000534057617,24.440000534057617,24.440000534057617,0
2020-06-09,24.170000076293945,24.170000076293945,24.170000076293945,24.170000076293945,0
2020-06-10,23.979999542236328,23.979999542236328,23.979999542236328,23.979999542236328,0
2020-06-11,22.309999465942383,22.309999465942383,22.309999465942383,22.309999465942383,0
2020-06-12,22.809999465942383,22.809999465942383,22.809999465942383,22.809999465942383,0
2020-06-15,23.3700008392334,23.3700008392334,23.3700008392334,23.3700008392334,0
2020-06-16,23.809999465942383,23.809999465942383,23.809999465942383,23.809999465942383,0
2020-06-17,23.780000686645508,23.780000686645508,23.780000686645508,23.780000686645508,0
2020-06-18,23.829999923706055,23.829999923706055,23.829999923706055,23.829999923706055,0
2020-06-19,23.729999542236328,23.729999542236328,23.729999542236328,23.729999542236328,0
2020-06-22,24.06999969482422,24.06999969482422,24.06999969482422,24.06999969482422,0
2020-06-23,24.260000228881836,24.260000228881836,24.260000228881836,24.260000228881836,0
2020-06-24,23.59000015258789,23.59000015258789,23.59000015258789,23.59000015258789,0
2020-06-25,23.8700008392334,23.8700008392334,23.8700008392334,23.8700008392334,0
2020-06-26,23.450000762939453,23.450000762939453,23.450000762939453,23.450000762939453,0
2020-06-29,23.65999984741211,23.65999984741211,23.65999984741211,23.65999984741211,0
2020-06-30,24.110000610351562,24.110000610351562,24.110000610351562,24.110000610351562,0
2020-07-01,24.329999923706055,24.329999923706055,24.329999923706055,24.329999923706055,0
2020-07-02,24.5,24.5,24.5,24.5,0
2020-07-06,24.790000915527344,24.790000915527344,24.790000915527344,24.790000915527344,0
2020-07-07,24.56999969482422,24.56999969482422,24.56999969482422,24.56999969482422,0
2020-07-08,25.040000915527344,25.040000915527344,25.040000915527344,25.040000915527344,0
2020-07-09,24.969999313354492,24.969999313354492,24.969999313354492,24.969999313354492,0
2020-07-10,24.90999984741211,24.90999984741211,24.90999984741211,24.90999984741211,0
2020-07-13,24.200000762939453,24.200000762939453,24.200000762939453,24.200000762939453,0
2020-07-14,24.510000228881836,24.510000228881836,24.510000228881836,24.510000228881836,0
2020-07-15,25.219999313354492,25.219999313354492,25.219999313354492,25.219999313354492,0
2020-07-16,25.010000228881836,25.010000228881836,25.010000228881836,25.010000228881836,0
2020-07-17,25.440000534057617,25.440000534057617,25.440000534057617,25.440000534057617,0
2020-07-20,25.709999084472656,25.709999084472656,25.709999084472656,25.709999084472656,0
2020-07-21,25.690000534057617,25.690000534057617,25.690000534057617,25.690000534057617,0
2020-07-22,25.780000686645508,25.780000686645508,25.780000686645508,25.780000686645508,0
2020-07-23,25.719999313354492,25.719999313354492,25.719999313354492,25.719999313354492,0
2020-07-24,25.479999542236328,25.479999542236328,25.479999542236328,25.479999542236328,0
2020-07-27,25.84000015258789,25.84000015258789,25.84000015258789,25.84000015258789,0
2020-07-28,25.420000076293945,25.420000076293945,25.420000076293945,25.420000076293945,0
2020-07-29,26.06999969482422,26.06999969482422,26.06999969482422,26.06999969482422,0
2020-07-30,26.200000762939453,26.200000762939453,26.200000762939453,26.200000762939453,0
2020-07-31,26.549999237060547,26.549999237060547,26.549999237060547,26.549999237060547,0
2020-08-03,27.139999389648438,27.139999389648438,27.139999389648438,27.139999389648438,0
2020-08-04,27.280000686645508,27.280000686645508,27.280000686645508,27.280000686645508,0
2020-08-05,27.799999237060547,27.799999237060547,27.799999237060547,27.799999237060547,0
2020-08-06,27.8700008392334,27.8700008392334,27.8700008392334,27.8700008392334,0
2020-08-07,27.770000457763672,27.770000457763672,27.770000457763672,27.770000457763672,0
2020-08-10,27.530000686645508,27.530000686645508,27.530000686645508,27.530000686645508,0
2020-08-11,26.989999771118164,26.989999771118164,26.989999771118164,26.989999771118164,0
2020-08-12,27.360000610351562,27.360000610351562,27.360000610351562,27.360000610351562,0
2020-08-13,27.799999237060547,27.799999237060547,27.799999237060547,27.799999237060547,0
2020-08-14,27.65999984741211,27.65999984741211,27.65999984741211,27.65999984741211,0
2020-08-17,27.90999984741211,27.90999984741211,27.90999984741211,27.90999984741211,0
2020-08-18,27.959999084472656,27.959999084472656,27.959999084472656,27.959999084472656,0
2020-08-19,28.139999389648438,28.139999389648438,28.139999389648438,28.139999389648438,0
2020-08-20,28.15999984741211,28.15999984741211,28.15999984741211,28.15999984741211,0
2020-08-21,28.010000228881836,28.010000228881836,28.010000228881836,28.010000228881836,0
2020-08-24,28.030000686645508,28.030000686645508,28.030000686645508,28.030000686645508,0
2020-08-25,28.25,28.25,28.25,28.25,0
2020-08-26,28.469999313354492,28.469999313354492,28.469999313354492,28.469999313354492,0
2020-08-27,28.3799991607666,28.3799991607666,28.3799991607666,28.3799991607666,0
2020-08-28,28.59000015258789,28.59000015258789,28.59000015258789,28.59000015258789,0
2020-08-31,28.700000762939453,28.700000762939453,28.700000762939453,28.700000762939453,0
2020-09-01,29.190000534057617,29.190000534057617,29.190000534057617,29.190000534057617,0
2020-09-02,29.399999618530273,29.399999618530273,29.399999618530273,29.399999618530273,0
2020-09-03,28.0,28.0,28.0,28.0,0
2020-09-04,27.520000457763672,27.520000457763672,27.520000457763672,27.520000457763672,0
2020-09-08,27.25,27.25,27.25,27.25,0
2020-09-09,27.90999984741211,27.90999984741211,27.90999984741211,27.90999984741211,0
2020-09-10,27.780000686645508,27.780000686645508,27.780000686645508,27.780000686645508,0
2020-09-11,27.649999618530273,27.649999618530273,27.649999618530273,27.649999618530273,0
2020-09-14,28.329999923706055,28.329999923706055,28.329999923706055,28.329999923706055,0
2020-09-15,28.360000610351562,28.360000610351562,28.360000610351562,28.360000610351562,0
2020-09-16,28.420000076293945,28.420000076293945,28.420000076293945,28.420000076293945,0
2020-09-17,28.1200008392334,28.1200008392334,28.1200008392334,28.1200008392334,0
2020-09-18,28.149999618530273,28.149999618530273,28.149999618530273,28.149999618530273,0
2020-09-21,27.489999771118164,27.489999771118164,27.489999771118164,27.489999771118164,0
2020-09-22,27.979999542236328,27.979999542236328,27.979999542236328,27.979999542236328,0
2020-09-23,27.3700008392334,27.3700008392334,27.3700008392334,27.3700008392334,0
2020-09-24,27.229999542236328,27.229999542236328,27.229999542236328,27.229999542236328,0
2020-09-25,27.860000610351562,27.860000610351562,27.860000610351562,27.860000610351562,0
2020-09-28,28.389999389648438,28.389999389648438,28.389999389648438,28.389999389648438,0
2020-09-29,28.56999969482422,28.56999969482422,28.56999969482422,28.56999969482422,0
2020-09-30,28.649999618530273,28.649999618530273,28.649999618530273,28.649999618530273,0
2020-10-01,28.90999984741211,28.90999984741211,28.90999984741211,28.90999984741211,0
2020-10-02,28.809999465942383,28.809999465942383,28.809999465942383,28.809999465942383,0
2020-10-05,29.389999389648438,29.389999389648438,29.389999389648438,29.389999389648438,0
2020-10-06,29.239999771118164,29.239999771118164,29.239999771118164,29.239999771118164,0
2020-10-07,29.81999969482422,29.81999969482422,29.81999969482422,29.81999969482422,0
2020-10-08,30.110000610351562,30.110000610351562,30.110000610351562,30.110000610351562,0
2020-10-09,30.579999923706055,30.579999923706055,30.579999923706055,30.579999923706055,0
2020-10-12,30.729999542236328,30.729999542236328,30.729999542236328,30.729999542236328,0
2020-10-13,30.860000610351562,30.860000610351562,30.860000610351562,30.860000610351562,0
2020-10-14,30.559999465942383,30.559999465942383,30.559999465942383,30.559999465942383,0
2020-10-15,30.799999237060547,30.799999237060547,30.799999237060547,30.799999237060547,0
2020-10-16,30.809999465942383,30.809999465942383,30.809999465942383,30.809999465942383,0
2020-10-19,30.530000686645508,30.530000686645508,30.530000686645508,30.530000686645508,0
2020-10-20,30.399999618530273,30.399999618530273,30.399999618530273,30.399999618530273,0
2020-10-21,29.959999084472656,29.959999084472656,29.959999084472656,29.959999084472656,0
2020-10-22,30.25,30.25,30.25,30.25,0
2020-10-23,30.389999389648438,30.389999389648438,30.389999389648438,30.389999389648438,0
2020-10-26,29.780000686645508,29.780000686645508,29.780000686645508,29.780000686645508,0
2020-10-27,29.84000015258789,29.84000015258789,29.84000015258789,29.84000015258789,0
2020-10-28,28.989999771118164,28.989999771118164,28.989999771118164,28.989999771118164,0
2020-10-29,29.229999542236328,29.229999542236328,29.229999542236328,29.229999542236328,0
2020-10-30,28.540000915527344,28.540000915527344,28.540000915527344,28.540000915527344,0
2020-11-02,28.829999923706055,28.829999923706055,28.829999923706055,28.829999923706055,0
2020-11-03,29.610000610351562,29.610000610351562,29.610000610351562,29.610000610351562,0
2020-11-04,30.190000534057617,30.190000534057617,30.190000534057617,30.190000534057617,0
2020-11-05,30.950000762939453,30.950000762939453,30.950000762939453,30.950000762939453,0
2020-11-06,31.100000381469727,31.100000381469727,31.100000381469727,31.100000381469727,0
2020-11-09,31.0,31.0,31.0,31.0,0
2020-11-10,30.700000762939453,30.700000762939453,30.700000762939453,30.700000762939453,0
2020-11-11,31.299999237060547,31.299999237060547,31.299999237060547,31.299999237060547,0
2020-11-12,31.06999969482422,31.06999969482422,31.06999969482422,31.06999969482422,0
2020-11-13,31.31999969482422,31.31999969482422,31.31999969482422,31.31999969482422,0
2020-11-16,31.530000686645508,31.530000686645508,31.530000686645508,31.530000686645508,0
2020-11-17,31.739999771118164,31.739999771118164,31.739999771118164,31.739999771118164,0
2020-11-18,31.56999969482422,31.56999969482422,31.56999969482422,31.56999969482422,0
2020-11-19,32.0099983215332,32.0099983215332,32.0099983215332,32.0099983215332,0
2020-11-20,32.11000061035156,32.11000061035156,32.11000061035156,32.11000061035156,0
2020-11-23,32.310001373291016,32.310001373291016,32.310001373291016,32.310001373291016,0
2020-11-24,31.3799991607666,31.3799991607666,31.3799991607666,31.3799991607666,0
2020-11-25,31.5,31.5,31.5,31.5,0
2020-11-27,31.969999313354492,31.969999313354492,31.969999313354492,31.969999313354492,0
2020-11-30,31.639999389648438,31.639999389648438,31.639999389648438,31.639999389648438,0
2020-12-01,32.040000915527344,32.040000915527344,32.040000915527344,32.040000915527344,0
2020-12-02,31.950000762939453,31.950000762939453,31.950000762939453,31.950000762939453,0
2020-12-03,32.189998626708984,32.189998626708984,32.189998626708984,32.189998626708984,0
2020-12-04,32.790000915527344,32.790000915527344,32.790000915527344,32.790000915527344,0
2020-12-07,33.0,33.0,33.0,33.0,0
2020-12-08,33.36000061035156,33.36000061035156,33.36000061035156,33.36000061035156,0
2020-12-09,32.75,32.75,32.75,32.75,0
2020-12-10,33.2599983215332,33.2599983215332,33.2599983215332,33.2599983215332,0
2020-12-11,33.16999816894531,33.16999816894531,33.16999816894531,33.16999816894531,0
2020-12-14,33.290000915527344,33.290000915527344,33.290000915527344,33.290000915527344,0
2020-12-15,33.709999084472656,33.709999084472656,33.709999084472656,33.709999084472656,0
2020-12-16,33.84000015258789,33.84000015258789,33.84000015258789,33.84000015258789,0
2020-12-17,34.41999816894531,34.41999816894531,34.41999816894531,34.41999816894531,0
2020-12-18,34.59000015258789,34.59000015258789,34.59000015258789,34.59000015258789,0
2020-12-21,34.880001068115234,34.880001068115234,34.880001068115234,34.880001068115234,0
2020-12-22,35.72999954223633,35.72999954223633,35.72999954223633,35.72999954223633,0
2020-12-23,35.65999984741211,35.65999984741211,35.65999984741211,35.65999984741211,0
2020-12-24,35.630001068115234,35.630001068115234,35.630001068115234,35.630001068115234,0
2020-12-28,35.33000183105469,35.33000183105469,35.33000183105469,35.33000183105469,0
2020-12-29,34.63999938964844,34.63999938964844,34.63999938964844,34.63999938964844,0
2020-12-30,34.880001068115234,34.880001068115234,34.880001068115234,34.880001068115234,0
2020-12-31,34.790000915527344,34.790000915527344,34.790000915527344,34.790000915527344,0
2021-01-04,34.45000076293945,34.45000076293945,34.45000076293945,34.45000076293945,0
2021-01-05,35.040000915527344,35.040000915527344,35.040000915527344,35.040000915527344,0
2021-01-06,35.720001220703125,35.720001220703125,35.720001220703125,35.720001220703125,0
2021-01-07,36.59000015258789,36.59000015258789,36.59000015258789,36.59000015258789,0
2021-01-08,36.84000015258789,36.84000015258789,36.84000015258789,36.84000015258789,0
2021-01-11,37.02000045776367,37.02000045776367,37.02000045776367,37.02000045776367,0
2021-01-12,37.41999816894531,37.41999816894531,37.41999816894531,37.41999816894531,0
2021-01-13,37.29999923706055,37.29999923706055,37.29999923706055,37.29999923706055,0
2021-01-14,37.869998931884766,37.869998931884766,37.869998931884766,37.869998931884766,0
2021-01-15,37.220001220703125,37.220001220703125,37.220001220703125,37.220001220703125,0
2021-01-19,37.650001525878906,37.650001525878906,37.650001525878906,37.650001525878906,0
2021-01-20,38.040000915527344,38.040000915527344,38.040000915527344,38.040000915527344,0
2021-01-21,38.09000015258789,38.09000015258789,38.09000015258789,38.09000015258789,0
2021-01-22,38.279998779296875,38.279998779296875,38.279998779296875,38.279998779296875,0
2021-01-25,38.040000915527344,38.040000915527344,38.040000915527344,38.040000915527344,0
2021-01-26,37.310001373291016,37.310001373291016,37.310001373291016,37.310001373291016,0
2021-01-27,36.38999938964844,36.38999938964844,36.38999938964844,36.38999938964844,0
2021-01-28,36.779998779296875,36.779998779296875,36.779998779296875,36.779998779296875,0
2021-01-29,36.06999969482422,36.06999969482422,36.06999969482422,36.06999969482422,0
2021-02-01,36.970001220703125,36.970001220703125,36.970001220703125,36.970001220703125,0
2021-02-02,38.040000915527344,38.040000915527344,38.040000915527344,38.040000915527344,0
2021-02-03,38.099998474121094,38.099998474121094,38.099998474121094,38.099998474121094,0
2021-02-04,38.86000061035156,38.86000061035156,38.86000061035156,38.86000061035156,0
2021-02-05,39.439998626708984,39.439998626708984,39.439998626708984,39.439998626708984,0
2021-02-08,40.25,40.25,40.25,40.25,0
2021-02-09,40.43000030517578,40.43000030517578,40.43000030517578,40.43000030517578,0
2021-02-10,40.189998626708984,40.189998626708984,40.189998626708984,40.189998626708984,0
2021-02-11,40.599998474121094,40.599998474121094,40.599998474121094,40.599998474121094,0
2021-02-12,41.15999984741211,41.15999984741211,41.15999984741211,41.15999984741211,0
2021-02-16,40.93000030517578,40.93000030517578,40.93000030517578,40.93000030517578,0
2021-02-17,40.61000061035156,40.61000061035156,40.61000061035156,40.61000061035156,0
2021-02-18,40.20000076293945,40.20000076293945,40.20000076293945,40.20000076293945,0
2021-02-19,40.790000915527344,40.790000915527344,40.790000915527344,40.790000915527344,0
2021-02-22,39.849998474121094,39.849998474121094,39.849998474121094,39.849998474121094,0
2021-02-23,39.209999084472656,39.209999084472656,39.209999084472656,39.209999084472656,0
2021-02-24,39.79999923706055,39.79999923706055,39.79999923706055,39.79999923706055,0
2021-02-25,38.040000915527344,38.040000915527344,38.040000915527344,38.040000915527344,0
2021-02-26,37.93000030517578,37.93000030517578,37.93000030517578,37.93000030517578,0
2021-03-01,39.310001373291016,39.310001373291016,39.310001373291016,39.310001373291016,0
2021-03-02,38.68000030517578,38.68000030517578,38.68000030517578,38.68000030517578,0
2021-03-03,37.540000915527344,37.540000915527344,37.540000915527344,37.540000915527344,0
2021-03-04,35.810001373291016,35.810001373291016,35.810001373291016,35.810001373291016,0
2021-03-05,36.0099983215332,36.0099983215332,36.0099983215332,36.0099983215332,0
2021-03-08,35.04999923706055,35.04999923706055,35.04999923706055,35.04999923706055,0
2021-03-09,36.560001373291016,36.560001373291016,36.560001373291016,36.560001373291016,0
2021-03-10,37.18000030517578,37.18000030517578,37.18000030517578,37.18000030517578,0
2021-03-11,38.36000061035156,38.36000061035156,38.36000061035156,38.36000061035156,0
2021-03-12,38.31999969482422,38.31999969482422,38.31999969482422,38.31999969482422,0
2021-03-15,38.90999984741211,38.90999984741211,38.90999984741211,38.90999984741211,0
2021-03-16,38.5,38.5,38.5,38.5,0
2021-03-17,38.7400016784668,38.7400016784668,38.7400016784668,38.7400016784668,0
2021-03-18,37.25,37.25,37.25,37.25,0
2021-03-19,37.63999938964844,37.63999938964844,37.63999938964844,37.63999938964844,0
2021-03-22,37.7400016784668,37.7400016784668,37.7400016784668,37.7400016784668,0
2021-03-23,36.709999084472656,36.709999084472656,36.709999084472656,36.709999084472656,0
2021-03-24,35.75,35.75,35.75,35.75,0
2021-03-25,36.25,36.25,36.25,36.25,0
2021-03-26,36.7400016784668,36.7400016784668,36.7400016784668,36.7400016784668,0
2021-03-29,35.970001220703125,35.970001220703125,35.970001220703125,35.970001220703125,0
2021-03-30,36.560001373291016,36.560001373291016,36.560001373291016,36.560001373291016,0
2021-03-31,37.38999938964844,37.38999938964844,37.38999938964844,37.38999938964844,0
2021-04-01,37.95000076293945,37.95000076293945,37.95000076293945,37.95000076293945,0
2021-04-05,38.209999084472656,38.209999084472656,38.209999084472656,38.209999084472656,0
2021-04-06,38.2599983215332,38.2599983215332,38.2599983215332,38.2599983215332,0
2021-04-07,37.630001068115234,37.630001068115234,37.630001068115234,37.630001068115234,0
2021-04-08,38.31999969482422,38.31999969482422,38.31999969482422,38.31999969482422,0
2021-04-09,38.380001068115234,38.380001068115234,38.380001068115234,38.380001068115234,0
2021-04-12,38.31999969482422,38.31999969482422,38.31999969482422,38.31999969482422,0
2021-04-13,38.47999954223633,38.47999954223633,38.47999954223633,38.47999954223633,0
2021-04-14,38.540000915527344,38.540000915527344,38.540000915527344,38.540000915527344,0
2021-04-15,38.849998474121094,38.849998474121094,38.849998474121094,38.849998474121094,0
2021-04-16,38.86000061035156,38.86000061035156,38.86000061035156,38.86000061035156,0
2021-04-19,38.08000183105469,38.08000183105469,38.08000183105469,38.08000183105469,0
2021-04-20,37.38999938964844,37.38999938964844,37.38999938964844,37.38999938964844,0
2021-04-21,38.459999084472656,38.459999084472656,38.459999084472656,38.459999084472656,0
2021-04-22,38.7599983215332,38.7599983215332,38.7599983215332,38.7599983215332,0
2021-04-23,39.25,39.25,39.25,39.25,0
2021-04-26,39.849998474121094,39.849998474121094,39.849998474121094,39.849998474121094,0
2021-04-27,39.900001525878906,39.900001525878906,39.900001525878906,39.900001525878906,0
2021-04-28,40.0,40.0,40.0,40.0,0
2021-04-29,39.869998931884766,39.869998931884766,39.869998931884766,39.869998931884766,0
2021-04-30,39.41999816894531,39.41999816894531,39.41999816894531,39.41999816894531,0
2021-05-03,39.279998779296875,39.279998779296875,39.279998779296875,39.279998779296875,0
2021-05-04,38.45000076293945,38.45000076293945,38.45000076293945,38.45000076293945,0
2021-05-05,37.86000061035156,37.86000061035156,37.86000061035156,37.86000061035156,0
2021-05-06,37.529998779296875,37.529998779296875,37.529998779296875,37.529998779296875,0
2021-05-07,38.02000045776367,38.02000045776367,38.02000045776367,38.02000045776367,0
2021-05-10,36.619998931884766,36.619998931884766,36.619998931884766,36.619998931884766,0
2021-05-11,36.380001068115234,36.380001068115234,36.380001068115234,36.380001068115234,0
2021-05-12,35.0,35.0,35.0,35.0,0
2021-05-13,34.75,34.75,34.75,34.75,0
2021-05-14,35.790000915527344,35.790000915527344,35.790000915527344,35.790000915527344,0
2021-05-17,35.599998474121094,35.599998474121094,35.599998474121094,35.599998474121094,0
2021-05-18,35.790000915527344,35.790000915527344,35.790000915527344,35.790000915527344,0
2021-05-19,35.790000915527344,35.790000915527344,35.790000915527344,35.790000915527344,0
2021-05-20,36.45000076293945,36.45000076293945,36.45000076293945,36.45000076293945,0
2021-05-21,36.38999938964844,36.38999938964844,36.38999938964844,36.38999938964844,0
2021-05-24,36.75,36.75,36.75,36.75,0
2021-05-25,36.939998626708984,36.939998626708984,36.939998626708984,36.939998626708984,0
2021-05-26,37.47999954223633,37.47999954223633,37.47999954223633,37.47999954223633,0
2021-05-27,37.79999923706055,37.79999923706055,37.79999923706055,37.79999923706055,0
2021-05-28,37.77000045776367,37.77000045776367,37.77000045776367,37.77000045776367,0
2021-06-01,37.84000015258789,37.84000015258789,37.84000015258789,37.84000015258789,0
2021-06-02,37.779998779296875,37.779998779296875,37.779998779296875,37.779998779296875,0
2021-06-03,37.400001525878906,37.400001525878906,37.400001525878906,37.400001525878906,0
2021-06-04,37.7599983215332,37.7599983215332,37.7599983215332,37.7599983215332,0
2021-06-07,38.29999923706055,38.29999923706055,38.29999923706055,38.29999923706055,0
2021-06-08,38.63999938964844,38.63999938964844,38.63999938964844,38.63999938964844,0
2021-06-09,38.43000030517578,38.43000030517578,38.43000030517578,38.43000030517578,0
2021-06-10,38.5099983215332,38.5099983215332,38.5099983215332,38.5099983215332,0
2021-06-11,38.93000030517578,38.93000030517578,38.93000030517578,38.93000030517578,0
2021-06-14,39.060001373291016,39.060001373291016,39.060001373291016,39.060001373291016,0
2021-06-15,38.63999938964844,38.63999938964844,38.63999938964844,38.63999938964844,0
2021-06-16,38.650001525878906,38.650001525878906,38.650001525878906,38.650001525878906,0
2021-06-17,38.84000015258789,38.84000015258789,38.84000015258789,38.84000015258789,0
2021-06-18,38.54999923706055,38.54999923706055,38.54999923706055,38.54999923706055,0
2021-06-21,39.11000061035156,39.11000061035156,39.11000061035156,39.11000061035156,0
2021-06-22,39.310001373291016,39.310001373291016,39.310001373291016,39.310001373291016,0
2021-06-23,39.61000061035156,39.61000061035156,39.61000061035156,39.61000061035156,0
2021-06-24,39.97999954223633,39.97999954223633,39.97999954223633,39.97999954223633,0
2021-06-25,40.040000915527344,40.040000915527344,40.040000915527344,40.040000915527344,0
2021-06-28,40.04999923706055,40.04999923706055,40.04999923706055,40.04999923706055,0
2021-06-29,40.0,40.0,40.0,40.0,0
2021-06-30,39.65999984741211,39.65999984741211,39.65999984741211,39.65999984741211,0
2021-07-01,39.810001373291016,39.810001373291016,39.810001373291016,39.810001373291016,0
2021-07-02,39.58000183105469,39.58000183105469,39.58000183105469,39.58000183105469,0
2021-07-06,39.72999954223633,39.72999954223633,39.72999954223633,39.72999954223633,0
2021-07-07,39.529998779296875,39.529998779296875,39.529998779296875,39.529998779296875,0
2021-07-08,38.9900016784668,38.9900016784668,38.9900016784668,38.9900016784668,0
2021-07-09,39.540000915527344,39.540000915527344,39.540000915527344,39.540000915527344,0
2021-07-12,39.68000030517578,39.68000030517578,39.68000030517578,39.68000030517578,0
2021-07-13,39.029998779296875,39.029998779296875,39.029998779296875,39.029998779296875,0
2021-07-14,38.0099983215332,38.0099983215332,38.0099983215332,38.0099983215332,0
2021-07-15,37.619998931884766,37.619998931884766,37.619998931884766,37.619998931884766,0
2021-07-16,37.5099983215332,37.5099983215332,37.5099983215332,37.5099983215332,0
2021-07-19,37.099998474121094,37.099998474121094,37.099998474121094,37.099998474121094,0
2021-07-20,37.97999954223633,37.97999954223633,37.97999954223633,37.97999954223633,0
2021-07-21,38.66999816894531,38.66999816894531,38.66999816894531,38.66999816894531,0
2021-07-22,38.66999816894531,38.66999816894531,38.66999816894531,38.66999816894531,0
2021-07-23,38.939998626708984,38.939998626708984,38.939998626708984,38.939998626708984,0
2021-07-26,38.54999923706055,38.54999923706055,38.54999923706055,38.54999923706055,0
2021-07-27,38.13999938964844,38.13999938964844,38.13999938964844,38.13999938964844,0
2021-07-28,38.79999923706055,38.79999923706055,38.79999923706055,38.79999923706055,0
2021-07-29,39.09000015258789,39.09000015258789,39.09000015258789,39.09000015258789,0
2021-07-30,39.119998931884766,39.119998931884766,39.119998931884766,39.119998931884766,0
2021-08-02,39.0,39.0,39.0,39.0,0
2021-08-03,38.68000030517578,38.68000030517578,38.68000030517578,38.68000030517578,0
2021-08-04,38.66999816894531,38.66999816894531,38.66999816894531,38.66999816894531,0
2021-08-05,38.91999816894531,38.91999816894531,38.91999816894531,38.91999816894531,0
2021-08-06,38.65999984741211,38.65999984741211,38.65999984741211,38.65999984741211,0
2021-08-09,38.59000015258789,38.59000015258789,38.59000015258789,38.59000015258789,0
2021-08-10,38.16999816894531,38.16999816894531,38.16999816894531,38.16999816894531,0
2021-08-11,38.0099983215332,38.0099983215332,38.0099983215332,38.0099983215332,0
2021-08-12,37.810001373291016,37.810001373291016,37.810001373291016,37.810001373291016,0
2021-08-13,37.61000061035156,37.61000061035156,37.61000061035156,37.61000061035156,0
2021-08-16,37.2599983215332,37.2599983215332,37.2599983215332,37.2599983215332,0
2021-08-17,36.7400016784668,36.7400016784668,36.7400016784668,36.7400016784668,0
2021-08-18,36.81999969482422,36.81999969482422,36.81999969482422,36.81999969482422,0
2021-08-19,36.31999969482422,36.31999969482422,36.31999969482422,36.31999969482422,0
2021-08-20,36.77000045776367,36.77000045776367,36.77000045776367,36.77000045776367,0
2021-08-23,37.4900016784668,37.4900016784668,37.4900016784668,37.4900016784668,0
2021-08-24,38.029998779296875,38.029998779296875,38.029998779296875,38.029998779296875,0
2021-08-25,38.41999816894531,38.41999816894531,38.41999816894531,38.41999816894531,0
2021-08-26,38.220001220703125,38.220001220703125,38.220001220703125,38.220001220703125,0
2021-08-27,39.130001068115234,39.130001068115234,39.130001068115234,39.130001068115234,0
2021-08-30,39.119998931884766,39.119998931884766,39.119998931884766,39.119998931884766,0
2021-08-31,39.38999938964844,39.38999938964844,39.38999938964844,39.38999938964844,0
2021-09-01,39.779998779296875,39.779998779296875,39.779998779296875,39.779998779296875,0
2021-09-02,40.209999084472656,40.209999084472656,40.209999084472656,40.209999084472656,0
2021-09-03,40.400001525878906,40.400001525878906,40.400001525878906,40.400001525878906,0
2021-09-07,40.09000015258789,40.09000015258789,40.09000015258789,40.09000015258789,0
2021-09-08,39.720001220703125,39.720001220703125,39.720001220703125,39.720001220703125,0
2021-09-09,39.29999923706055,39.29999923706055,39.29999923706055,39.29999923706055,0
2021-09-10,39.150001525878906,39.150001525878906,39.150001525878906,39.150001525878906,0
2021-09-13,38.790000915527344,38.790000915527344,38.790000915527344,38.790000915527344,0
2021-09-14,38.31999969482422,38.31999969482422,38.31999969482422,38.31999969482422,0
2021-09-15,38.7400016784668,38.7400016784668,38.7400016784668,38.7400016784668,0
2021-09-16,39.099998474121094,39.099998474121094,39.099998474121094,39.099998474121094,0
2021-09-17,39.25,39.25,39.25,39.25,0
2021-09-20,38.220001220703125,38.220001220703125,38.220001220703125,38.220001220703125,0
2021-09-21,38.560001373291016,38.560001373291016,38.560001373291016,38.560001373291016,0
2021-09-22,39.0,39.0,39.0,39.0,0
2021-09-23,39.52000045776367,39.52000045776367,39.52000045776367,39.52000045776367,0
2021-09-24,39.2599983215332,39.2599983215332,39.2599983215332,39.2599983215332,0
2021-09-27,39.13999938964844,39.13999938964844,39.13999938964844,39.13999938964844,0
2021-09-28,37.90999984741211,37.90999984741211,37.90999984741211,37.90999984741211,0
2021-09-29,37.61000061035156,37.61000061035156,37.61000061035156,37.61000061035156,0
2021-09-30,37.66999816894531,37.66999816894531,37.66999816894531,37.66999816894531,0
2021-10-01,38.02000045776367,38.02000045776367,38.02000045776367,38.02000045776367,0
2021-10-04,37.02000045776367,37.02000045776367,37.02000045776367,37.02000045776367,0
2021-10-05,37.290000915527344,37.290000915527344,37.290000915527344,37.290000915527344,0
2021-10-06,37.189998626708984,37.189998626708984,37.189998626708984,37.189998626708984,0
2021-10-07,37.849998474121094,37.849998474121094,37.849998474121094,37.849998474121094,0
2021-10-08,37.459999084472656,37.459999084472656,37.459999084472656,37.459999084472656,0
2021-10-11,37.09000015258789,37.09000015258789,37.09000015258789,37.09000015258789,0
2021-10-12,37.25,37.25,37.25,37.25,0
2021-10-13,37.540000915527344,37.540000915527344,37.540000915527344,37.540000915527344,0
2021-10-14,38.11000061035156,38.11000061035156,38.11000061035156,38.11000061035156,0
2021-10-15,38.099998474121094,38.099998474121094,38.099998474121094,38.099998474121094,0
2021-10-18,38.060001373291016,38.060001373291016,38.060001373291016,38.060001373291016,0
2021-10-19,38.529998779296875,38.529998779296875,38.529998779296875,38.529998779296875,0
2021-10-20,38.5,38.5,38.5,38.5,0
2021-10-21,38.90999984741211,38.90999984741211,38.90999984741211,38.90999984741211,0
2021-10-22,38.68000030517578,38.68000030517578,38.68000030517578,38.68000030517578,0
2021-10-25,38.880001068115234,38.880001068115234,38.880001068115234,38.880001068115234,0
2021-10-26,38.77000045776367,38.77000045776367,38.77000045776367,38.77000045776367,0
2021-10-27,38.16999816894531,38.16999816894531,38.16999816894531,38.16999816894531,0
2021-10-28,39.029998779296875,39.029998779296875,39.029998779296875,39.029998779296875,0
2021-10-29,39.08000183105469,39.08000183105469,39.08000183105469,39.08000183105469,0
2021-11-01,39.63999938964844,39.63999938964844,39.63999938964844,39.63999938964844,0
2021-11-02,39.65999984741211,39.65999984741211,39.65999984741211,39.65999984741211,0
2021-11-03,39.86000061035156,39.86000061035156,39.86000061035156,39.86000061035156,0
2021-11-04,39.93000030517578,39.93000030517578,39.93000030517578,39.93000030517578,0
2021-11-05,39.90999984741211,39.90999984741211,39.90999984741211,39.90999984741211,0
2021-11-08,40.209999084472656,40.209999084472656,40.209999084472656,40.209999084472656,0
2021-11-09,40.02000045776367,40.02000045776367,40.02000045776367,40.02000045776367,0
2021-11-10,39.310001373291016,39.310001373291016,39.310001373291016,39.310001373291016,0
2021-11-11,39.310001373291016,39.310001373291016,39.310001373291016,39.310001373291016,0
2021-11-12,39.59000015258789,39.59000015258789,39.59000015258789,39.59000015258789,0
2021-11-15,39.52000045776367,39.52000045776367,39.52000045776367,39.52000045776367,0
2021-11-16,39.619998931884766,39.619998931884766,39.619998931884766,39.619998931884766,0
2021-11-17,39.31999969482422,39.31999969482422,39.31999969482422,39.31999969482422,0
2021-11-18,38.66999816894531,38.66999816894531,38.66999816894531,38.66999816894531,0
2021-11-19,38.470001220703125,38.470001220703125,38.470001220703125,38.470001220703125,0
2021-11-22,37.709999084472656,37.709999084472656,37.709999084472656,37.709999084472656,0
2021-11-23,35.849998474121094,35.849998474121094,35.849998474121094,35.849998474121094,0
2021-11-24,36.150001525878906,36.150001525878906,36.150001525878906,36.150001525878906,0
2021-11-26,35.290000915527344,35.290000915527344,35.290000915527344,35.290000915527344,0
2021-11-29,35.4900016784668,35.4900016784668,35.4900016784668,35.4900016784668,0
2021-11-30,35.15999984741211,35.15999984741211,35.15999984741211,35.15999984741211,0
2021-12-01,34.33000183105469,34.33000183105469,34.33000183105469,34.33000183105469,0
2021-12-02,34.70000076293945,34.70000076293945,34.70000076293945,34.70000076293945,0
2021-12-03,33.619998931884766,33.619998931884766,33.619998931884766,33.619998931884766,0
2021-12-06,34.0,34.0,34.0,34.0,0
2021-12-07,35.31999969482422,35.31999969482422,35.31999969482422,35.31999969482422,0
2021-12-08,35.75,35.75,35.75,35.75,0
2021-12-09,34.7599983215332,34.7599983215332,34.7599983215332,34.7599983215332,0
2021-12-10,34.130001068115234,34.130001068115234,34.130001068115234,34.130001068115234,0
2021-12-13,33.75,33.75,33.75,33.75,0
2021-12-14,33.20000076293945,33.20000076293945,33.20000076293945,33.20000076293945,0
2021-12-15,33.77000045776367,33.77000045776367,33.77000045776367,33.77000045776367,0
2021-12-16,32.66999816894531,32.66999816894531,32.66999816894531,32.66999816894531,0
2021-12-17,33.20000076293945,33.20000076293945,33.20000076293945,33.20000076293945,0
2021-12-20,32.560001373291016,32.560001373291016,32.560001373291016,32.560001373291016,0
2021-12-21,33.84000015258789,33.84000015258789,33.84000015258789,33.84000015258789,0
2021-12-22,34.33000183105469,34.33000183105469,34.33000183105469,34.33000183105469,0
2021-12-23,34.77000045776367,34.77000045776367,34.77000045776367,34.77000045776367,0
2021-12-27,35.2599983215332,35.2599983215332,35.2599983215332,35.2599983215332,0
2021-12-28,34.95000076293945,34.95000076293945,34.95000076293945,34.95000076293945,0
2021-12-29,35.0099983215332,35.0099983215332,35.0099983215332,35.0099983215332,0
2021-12-30,35.22999954223633,35.22999954223633,35.22999954223633,35.22999954223633,0
2021-12-31,35.220001220703125,35.220001220703125,35.220001220703125,35.220001220703125,0
2022-01-03,35.27000045776367,35.27000045776367,35.27000045776367,35.27000045776367,0
2022-01-04,34.349998474121094,34.349998474121094,34.349998474121094,34.349998474121094,0
2022-01-05,32.7400016784668,32.7400016784668,32.7400016784668,32.7400016784668,0
2022-01-06,32.61000061035156,32.61000061035156,32.61000061035156,32.61000061035156,0
2022-01-07,32.0099983215332,32.0099983215332,32.0099983215332,32.0099983215332,0
2022-01-10,31.65999984741211,31.65999984741211,31.65999984741211,31.65999984741211,0
2022-01-11,32.2599983215332,32.2599983215332,32.2599983215332,32.2599983215332,0
2022-01-12,31.829999923706055,31.829999923706055,31.829999923706055,31.829999923706055,0
2022-01-13,30.950000762939453,30.950000762939453,30.950000762939453,30.950000762939453,0
2022-01-14,30.489999771118164,30.489999771118164,30.489999771118164,30.489999771118164,0
2022-01-18,29.31999969482422,29.31999969482422,29.31999969482422,29.31999969482422,0
2022-01-19,28.829999923706055,28.829999923706055,28.829999923706055,28.829999923706055,0
2022-01-20,28.649999618530273,28.649999618530273,28.649999618530273,28.649999618530273,0
2022-01-21,27.959999084472656,27.959999084472656,27.959999084472656,27.959999084472656,0
2022-01-24,28.489999771118164,28.489999771118164,28.489999771118164,28.489999771118164,0
2022-01-25,27.6299991607666,27.6299991607666,27.6299991607666,27.6299991607666,0
2022-01-26,27.399999618530273,27.399999618530273,27.399999618530273,27.399999618530273,0
2022-01-27,26.510000228881836,26.510000228881836,26.510000228881836,26.510000228881836,0
2022-01-28,27.290000915527344,27.290000915527344,27.290000915527344,27.290000915527344,0
2022-01-31,28.809999465942383,28.809999465942383,28.809999465942383,28.809999465942383,0
2022-02-01,29.270000457763672,29.270000457763672,29.270000457763672,29.270000457763672,0
2022-02-02,28.739999771118164,28.739999771118164,28.739999771118164,28.739999771118164,0
2022-02-03,27.8700008392334,27.8700008392334,27.8700008392334,27.8700008392334,0
2022-02-04,28.3700008392334,28.3700008392334,28.3700008392334,28.3700008392334,0
2022-02-07,28.719999313354492,28.719999313354492,28.719999313354492,28.719999313354492,0
2022-02-08,29.209999084472656,29.209999084472656,29.209999084472656,29.209999084472656,0
2022-02-09,30.190000534057617,30.190000534057617,30.190000534057617,30.190000534057617,0
2022-02-10,29.739999771118164,29.739999771118164,29.739999771118164,29.739999771118164,0
2022-02-11,28.920000076293945,28.920000076293945,28.920000076293945,28.920000076293945,0
2022-02-14,28.920000076293945,28.920000076293945,28.920000076293945,28.920000076293945,0
2022-02-15,29.829999923706055,29.829999923706055,29.829999923706055,29.829999923706055,0
2022-02-16,29.709999084472656,29.709999084472656,29.709999084472656,29.709999084472656,0
2022-02-17,28.600000381469727,28.600000381469727,28.600000381469727,28.600000381469727,0
2022-02-18,27.989999771118164,27.989999771118164,27.989999771118164,27.989999771118164,0
2022-02-22,27.299999237060547,27.299999237060547,27.299999237060547,27.299999237060547,0
2022-02-23,26.780000686645508,26.780000686645508,26.780000686645508,26.780000686645508,0
2022-02-24,28.31999969482422,28.31999969482422,28.31999969482422,28.31999969482422,0
2022-02-25,28.940000534057617,28.940000534057617,28.940000534057617,28.940000534057617,0
2022-02-28,29.190000534057617,29.190000534057617,29.190000534057617,29.190000534057617,0
2022-03-01,28.8700008392334,28.8700008392334,28.8700008392334,28.8700008392334,0
2022-03-02,29.280000686645508,29.280000686645508,29.280000686645508,29.280000686645508,0
2022-03-03,28.479999542236328,28.479999542236328,28.479999542236328,28.479999542236328,0
2022-03-04,27.799999237060547,27.799999237060547,27.799999237060547,27.799999237060547,0
2022-03-07,26.93000030517578,26.93000030517578,26.93000030517578,26.93000030517578,0
2022-03-08,27.200000762939453,27.200000762939453,27.200000762939453,27.200000762939453,0
2022-03-09,28.270000457763672,28.270000457763672,28.270000457763672,28.270000457763672,0
2022-03-10,27.90999984741211,27.90999984741211,27.90999984741211,27.90999984741211,0
2022-03-11,27.1299991607666,27.1299991607666,27.1299991607666,27.1299991607666,0
2022-03-14,26.200000762939453,26.200000762939453,26.200000762939453,26.200000762939453,0
2022-03-15,26.959999084472656,26.959999084472656,26.959999084472656,26.959999084472656,0
2022-03-16,28.280000686645508,28.280000686645508,28.280000686645508,28.280000686645508,0
2022-03-17,29.209999084472656,29.209999084472656,29.209999084472656,29.209999084472656,0
2022-03-18,29.809999465942383,29.809999465942383,29.809999465942383,29.809999465942383,0
2022-03-21,29.3799991607666,29.3799991607666,29.3799991607666,29.3799991607666,0
2022-03-22,29.979999542236328,29.979999542236328,29.979999542236328,29.979999542236328,0
2022-03-23,29.3799991607666,29.3799991607666,29.3799991607666,29.3799991607666,0
2022-03-24,29.729999542236328,29.729999542236328,29.729999542236328,29.729999542236328,0
2022-03-25,29.389999389648438,29.389999389648438,29.389999389648438,29.389999389648438,0
2022-03-28,29.549999237060547,29.549999237060547,29.549999237060547,29.549999237060547,0
2022-03-29,30.68000030517578,30.68000030517578,30.68000030517578,30.68000030517578,0
2022-03-30,29.809999465942383,29.809999465942383,29.809999465942383,29.809999465942383,0
2022-03-31,29.479999542236328,29.479999542236328,29.479999542236328,29.479999542236328,0
2022-04-01,29.889999389648438,29.889999389648438,29.889999389648438,29.889999389648438,0
2022-04-04,30.260000228881836,30.260000228881836,30.260000228881836,30.260000228881836,0
2022-04-05,29.489999771118164,29.489999771118164,29.489999771118164,29.489999771118164,0
2022-04-06,28.790000915527344,28.790000915527344,28.790000915527344,28.790000915527344,0
2022-04-07,28.700000762939453,28.700000762939453,28.700000762939453,28.700000762939453,0
2022-04-08,28.219999313354492,28.219999313354492,28.219999313354492,28.219999313354492,0
2022-04-11,28.09000015258789,28.09000015258789,28.09000015258789,28.09000015258789,0
2022-04-12,28.100000381469727,28.100000381469727,28.100000381469727,28.100000381469727,0
2022-04-13,28.65999984741211,28.65999984741211,28.65999984741211,28.65999984741211,0
2022-04-14,28.110000610351562,28.110000610351562,28.110000610351562,28.110000610351562,0
2022-04-18,27.6299991607666,27.6299991607666,27.6299991607666,27.6299991607666,0
2022-04-19,28.549999237060547,28.549999237060547,28.549999237060547,28.549999237060547,0
2022-04-20,28.450000762939453,28.450000762939453,28.450000762939453,28.450000762939453,0
2022-04-21,27.520000457763672,27.520000457763672,27.520000457763672,27.520000457763672,0
2022-04-22,26.90999984741211,26.90999984741211,26.90999984741211,26.90999984741211,0
2022-04-25,27.549999237060547,27.549999237060547,27.549999237060547,27.549999237060547,0
2022-04-26,26.6299991607666,26.6299991607666,26.6299991607666,26.6299991607666,0
2022-04-27,26.299999237060547,26.299999237060547,26.299999237060547,26.299999237060547,0
2022-04-28,26.770000457763672,26.770000457763672,26.770000457763672,26.770000457763672,0
2022-04-29,25.8700008392334,25.8700008392334,25.8700008392334,25.8700008392334,0
2022-05-02,26.610000610351562,26.610000610351562,26.610000610351562,26.610000610351562,0
2022-05-03,26.40999984741211,26.40999984741211,26.40999984741211,26.40999984741211,0
2022-05-04,27.049999237060547,27.049999237060547,27.049999237060547,27.049999237060547,0
2022-05-05,25.469999313354492,25.469999313354492,25.469999313354492,25.469999313354492,0
2022-05-06,24.739999771118164,24.739999771118164,24.739999771118164,24.739999771118164,0
2022-05-09,22.950000762939453,22.950000762939453,22.950000762939453,22.950000762939453,0
2022-05-10,22.940000534057617,22.940000534057617,22.940000534057617,22.940000534057617,0
2022-05-11,21.790000915527344,21.790000915527344,21.790000915527344,21.790000915527344,0
2022-05-12,22.489999771118164,22.489999771118164,22.489999771118164,22.489999771118164,0
2022-05-13,23.850000381469727,23.850000381469727,23.850000381469727,23.850000381469727,0
2022-05-16,23.239999771118164,23.239999771118164,23.239999771118164,23.239999771118164,0
2022-05-17,23.899999618530273,23.899999618530273,23.899999618530273,23.899999618530273,0
2022-05-18,22.8799991607666,22.8799991607666,22.8799991607666,22.8799991607666,0
2022-05-19,23.219999313354492,23.219999313354492,23.219999313354492,23.219999313354492,0
2022-05-20,23.149999618530273,23.149999618530273,23.149999618530273,23.149999618530273,0
2022-05-23,23.260000228881836,23.260000228881836,23.260000228881836,23.260000228881836,0
2022-05-24,22.600000381469727,22.600000381469727,22.600000381469727,22.600000381469727,0
2022-05-25,23.040000915527344,23.040000915527344,23.040000915527344,23.040000915527344,0
2022-05-26,23.760000228881836,23.760000228881836,23.760000228881836,23.760000228881836,0
2022-05-27,24.799999237060547,24.799999237060547,24.799999237060547,24.799999237060547,0
2022-05-31,24.270000457763672,24.270000457763672,24.270000457763672,24.270000457763672,0
2022-06-01,24.09000015258789,24.09000015258789,24.09000015258789,24.09000015258789,0
2022-06-02,25.06999969482422,25.06999969482422,25.06999969482422,25.06999969482422,0
2022-06-03,24.719999313354492,24.719999313354492,24.719999313354492,24.719999313354492,0
2022-06-06,24.639999389648438,24.639999389648438,24.639999389648438,24.639999389648438,0
2022-06-07,24.979999542236328,24.979999542236328,24.979999542236328,24.979999542236328,0
2022-06-08,24.760000228881836,24.760000228881836,24.760000228881836,24.760000228881836,0
2022-06-09,24.139999389648438,24.139999389648438,24.139999389648438,24.139999389648438,0
2022-06-10,23.360000610351562,23.360000610351562,23.360000610351562,23.360000610351562,0
2022-06-13,22.06999969482422,22.06999969482422,22.06999969482422,22.06999969482422,0
2022-06-14,21.950000762939453,21.950000762939453,21.950000762939453,21.950000762939453,0
2022-06-15,22.510000228881836,22.510000228881836,22.510000228881836,22.510000228881836,0
2022-06-16,21.309999465942383,21.309999465942383,21.309999465942383,21.309999465942383,0
2022-06-17,21.899999618530273,21.899999618530273,21.899999618530273,21.899999618530273,0
2022-06-21,22.299999237060547,22.299999237060547,22.299999237060547,22.299999237060547,0
2022-06-22,22.440000534057617,22.440000534057617,22.440000534057617,22.440000534057617,0
2022-06-23,23.43000030517578,23.43000030517578,23.43000030517578,23.43000030517578,0
2022-06-24,24.200000762939453,24.200000762939453,24.200000762939453,24.200000762939453,0
2022-06-27,23.899999618530273,23.899999618530273,23.899999618530273,23.899999618530273,0
2022-06-28,23.229999542236328,23.229999542236328,23.229999542236328,23.229999542236328,0
2022-06-29,23.059999465942383,23.059999465942383,23.059999465942383,23.059999465942383,0
2022-06-30,22.799999237060547,22.799999237060547,22.799999237060547,22.799999237060547,0
2022-07-01,23.020000457763672,23.020000457763672,23.020000457763672,23.020000457763672,0
2022-07-05,23.670000076293945,23.670000076293945,23.670000076293945,23.670000076293945,0
2022-07-06,23.440000534057617,23.440000534057617,23.440000534057617,23.440000534057617,0
2022-07-07,24.15999984741211,24.15999984741211,24.15999984741211,24.15999984741211,0
2022-07-08,24.139999389648438,24.139999389648438,24.139999389648438,24.139999389648438,0
2022-07-11,23.530000686645508,23.530000686645508,23.530000686645508,23.530000686645508,0
2022-07-12,23.170000076293945,23.170000076293945,23.170000076293945,23.170000076293945,0
2022-07-13,23.170000076293945,23.170000076293945,23.170000076293945,23.170000076293945,0
2022-07-14,22.860000610351562,22.860000610351562,22.860000610351562,22.860000610351562,0
2022-07-15,23.3799991607666,23.3799991607666,23.3799991607666,23.3799991607666,0
2022-07-18,23.1200008392334,23.1200008392334,23.1200008392334,23.1200008392334,0
2022-07-19,23.920000076293945,23.920000076293945,23.920000076293945,23.920000076293945,0
2022-07-20,24.579999923706055,24.579999923706055,24.579999923706055,24.579999923706055,0
2022-07-21,24.90999984741211,24.90999984741211,24.90999984741211,24.90999984741211,0
2022-07-22,24.149999618530273,24.149999618530273,24.149999618530273,24.149999618530273,0
2022-07-25,24.010000228881836,24.010000228881836,24.010000228881836,24.010000228881836,0
2022-07-26,23.559999465942383,23.559999465942383,23.559999465942383,23.559999465942383,0
2022-07-27,24.239999771118164,24.239999771118164,24.239999771118164,24.239999771118164,0
2022-07-28,24.670000076293945,24.670000076293945,24.670000076293945,24.670000076293945,0
2022-07-29,24.93000030517578,24.93000030517578,24.93000030517578,24.93000030517578,0
2022-08-01,25.040000915527344,25.040000915527344,25.040000915527344,25.040000915527344,0
2022-08-02,25.3700008392334,25.3700008392334,25.3700008392334,25.3700008392334,0
2022-08-03,26.030000686645508,26.030000686645508,26.030000686645508,26.030000686645508,0
2022-08-04,26.1299991607666,26.1299991607666,26.1299991607666,26.1299991607666,0
2022-08-05,26.329999923706055,26.329999923706055,26.329999923706055,26.329999923706055,0
2022-08-08,26.670000076293945,26.670000076293945,26.670000076293945,26.670000076293945,0
2022-08-09,25.780000686645508,25.780000686645508,25.780000686645508,25.780000686645508,0
2022-08-10,26.959999084472656,26.959999084472656,26.959999084472656,26.959999084472656,0
2022-08-11,26.969999313354492,26.969999313354492,26.969999313354492,26.969999313354492,0
2022-08-12,27.309999465942383,27.309999465942383,27.309999465942383,27.309999465942383,0
2022-08-15,27.479999542236328,27.479999542236328,27.479999542236328,27.479999542236328,0
2022-08-16,27.549999237060547,27.549999237060547,27.549999237060547,27.549999237060547,0
2022-08-17,26.90999984741211,26.90999984741211,26.90999984741211,26.90999984741211,0
2022-08-18,27.030000686645508,27.030000686645508,27.030000686645508,27.030000686645508,0
2022-08-19,26.299999237060547,26.299999237060547,26.299999237060547,26.299999237060547,0
2022-08-22,25.700000762939453,25.700000762939453,25.700000762939453,25.700000762939453,0
2022-08-23,25.690000534057617,25.690000534057617,25.690000534057617,25.690000534057617,0
2022-08-24,26.020000457763672,26.020000457763672,26.020000457763672,26.020000457763672,0
2022-08-25,26.510000228881836,26.510000228881836,26.510000228881836,26.510000228881836,0
2022-08-26,25.40999984741211,25.40999984741211,25.40999984741211,25.40999984741211,0
2022-08-29,25.1200008392334,25.1200008392334,25.1200008392334,25.1200008392334,0
2022-08-30,24.940000534057617,24.940000534057617,24.940000534057617,24.940000534057617,0
2022-08-31,24.889999389648438,24.889999389648438,24.889999389648438,24.889999389648438,0
2022-09-01,24.360000610351562,24.360000610351562,24.360000610351562,24.360000610351562,0
2022-09-02,24.149999618530273,24.149999618530273,24.149999618530273,24.149999618530273,0
2022-09-06,24.040000915527344,24.040000915527344,24.040000915527344,24.040000915527344,0
2022-09-07,24.81999969482422,24.81999969482422,24.81999969482422,24.81999969482422,0
2022-09-08,25.209999084472656,25.209999084472656,25.209999084472656,25.209999084472656,0
2022-09-09,25.68000030517578,25.68000030517578,25.68000030517578,25.68000030517578,0
2022-09-12,25.940000534057617,25.940000534057617,25.940000534057617,25.940000534057617,0
2022-09-13,24.90999984741211,24.90999984741211,24.90999984741211,24.90999984741211,0
2022-09-14,25.049999237060547,25.049999237060547,25.049999237060547,25.049999237060547,0
2022-09-15,24.969999313354492,24.969999313354492,24.969999313354492,24.969999313354492,0
2022-09-16,24.350000381469727,24.350000381469727,24.350000381469727,24.350000381469727,0
2022-09-19,24.3799991607666,24.3799991607666,24.3799991607666,24.3799991607666,0
2022-09-20,23.940000534057617,23.940000534057617,23.940000534057617,23.940000534057617,0
2022-09-21,23.729999542236328,23.729999542236328,23.729999542236328,23.729999542236328,0
2022-09-22,22.950000762939453,22.950000762939453,22.950000762939453,22.950000762939453,0
2022-09-23,22.559999465942383,22.559999465942383,22.559999465942383,22.559999465942383,0
2022-09-26,22.420000076293945,22.420000076293945,22.420000076293945,22.420000076293945,0
2022-09-27,22.690000534057617,22.690000534057617,22.690000534057617,22.690000534057617,0
2022-09-28,23.510000228881836,23.510000228881836,23.510000228881836,23.510000228881836,0
2022-09-29,23.059999465942383,23.059999465942383,23.059999465942383,23.059999465942383,0
2022-09-30,22.799999237060547,22.799999237060547,22.799999237060547,22.799999237060547,0
2022-10-03,23.43000030517578,23.43000030517578,23.43000030517578,23.43000030517578,0
2022-10-04,24.399999618530273,24.399999618530273,24.399999618530273,24.399999618530273,0
2022-10-05,24.360000610351562,24.360000610351562,24.360000610351562,24.360000610351562,0
2022-10-06,24.25,24.25,24.25,24.25,0
2022-10-07,23.309999465942383,23.309999465942383,23.309999465942383,23.309999465942383,0
2022-10-10,22.84000015258789,22.84000015258789,22.84000015258789,22.84000015258789,0
2022-10-11,22.829999923706055,22.829999923706055,22.829999923706055,22.829999923706055,0
2022-10-12,22.649999618530273,22.649999618530273,22.649999618530273,22.649999618530273,0
2022-10-13,22.959999084472656,22.959999084472656,22.959999084472656,22.959999084472656,0
2022-10-14,22.079999923706055,22.079999923706055,22.079999923706055,22.079999923706055,0
2022-10-17,22.8799991607666,22.8799991607666,22.8799991607666,22.8799991607666,0
2022-10-18,23.239999771118164,23.239999771118164,23.239999771118164,23.239999771118164,0
2022-10-19,22.56999969482422,22.56999969482422,22.56999969482422,22.56999969482422,0
2022-10-20,22.510000228881836,22.510000228881836,22.510000228881836,22.510000228881836,0
2022-10-21,22.899999618530273,22.899999618530273,22.899999618530273,22.899999618530273,0
2022-10-24,23.079999923706055,23.079999923706055,23.079999923706055,23.079999923706055,0
2022-10-25,23.809999465942383,23.809999465942383,23.809999465942383,23.809999465942383,0
2022-10-26,23.84000015258789,23.84000015258789,23.84000015258789,23.84000015258789,0
2022-10-27,23.850000381469727,23.850000381469727,23.850000381469727,23.850000381469727,0
2022-10-28,24.520000457763672,24.520000457763672,24.520000457763672,24.520000457763672,0
2022-10-31,24.459999084472656,24.459999084472656,24.459999084472656,24.459999084472656,0
2022-11-01,24.280000686645508,24.280000686645508,24.280000686645508,24.280000686645508,0
2022-11-02,23.34000015258789,23.34000015258789,23.34000015258789,23.34000015258789,0
2022-11-03,23.219999313354492,23.219999313354492,23.219999313354492,23.219999313354492,0
2022-11-04,23.010000228881836,23.010000228881836,23.010000228881836,23.010000228881836,0
2022-11-07,23.09000015258789,23.09000015258789,23.09000015258789,23.09000015258789,0
2022-11-08,23.219999313354492,23.219999313354492,23.219999313354492,23.219999313354492,0
2022-11-09,22.5,22.5,22.5,22.5,0
2022-11-10,24.110000610351562,24.110000610351562,24.110000610351562,24.110000610351562,0
2022-11-11,24.579999923706055,24.579999923706055,24.579999923706055,24.579999923706055,0
2022-11-14,24.229999542236328,24.229999542236328,24.229999542236328,24.229999542236328,0
2022-11-15,24.719999313354492,24.719999313354492,24.719999313354492,24.719999313354492,0
2022-11-16,24.15999984741211,24.15999984741211,24.15999984741211,24.15999984741211,0
2022-11-17,23.790000915527344,23.790000915527344,23.790000915527344,23.790000915527344,0
2022-11-18,23.809999465942383,23.809999465942383,23.809999465942383,23.809999465942383,0
2022-11-21,23.670000076293945,23.670000076293945,23.670000076293945,23.670000076293945,0
2022-11-22,23.790000915527344,23.790000915527344,23.790000915527344,23.790000915527344,0
2022-11-23,23.979999542236328,23.979999542236328,23.979999542236328,23.979999542236328,0
2022-11-25,24.030000686645508,24.030000686645508,24.030000686645508,24.030000686645508,0
2022-11-28,23.540000915527344,23.540000915527344,23.540000915527344,23.540000915527344,0
2022-11-29,23.459999084472656,23.459999084472656,23.459999084472656,23.459999084472656,0
2022-11-30,24.3700008392334,24.3700008392334,24.3700008392334,24.3700008392334,0
2022-12-01,24.690000534057617,24.690000534057617,24.690000534057617,24.690000534057617,0
2022-12-02,24.709999084472656,24.709999084472656,24.709999084472656,24.709999084472656,0
2022-12-05,23.959999084472656,23.959999084472656,23.959999084472656,23.959999084472656,0
2022-12-06,23.520000457763672,23.520000457763672,23.520000457763672,23.520000457763672,0
2022-12-07,23.59000015258789,23.59000015258789,23.59000015258789,23.59000015258789,0
2022-12-08,23.889999389648438,23.889999389648438,23.889999389648438,23.889999389648438,0
2022-12-09,23.65999984741211,23.65999984741211,23.65999984741211,23.65999984741211,0
2022-12-12,23.989999771118164,23.989999771118164,23.989999771118164,23.989999771118164,0
2022-12-13,24.350000381469727,24.350000381469727,24.350000381469727,24.350000381469727,0
2022-12-14,24.260000228881836,24.260000228881836,24.260000228881836,24.260000228881836,0
2022-12-15,23.559999465942383,23.559999465942383,23.559999465942383,23.559999465942383,0
2022-12-16,23.299999237060547,23.299999237060547,23.299999237060547,23.299999237060547,0
2022-12-19,22.639999389648438,22.639999389648438,22.639999389648438,22.639999389648438,0
2022-12-20,22.860000610351562,22.860000610351562,22.860000610351562,22.860000610351562,0
2022-12-21,23.190000534057617,23.190000534057617,23.190000534057617,23.190000534057617,0
2022-12-22,22.829999923706055,22.829999923706055,22.829999923706055,22.829999923706055,0
2022-12-23,22.770000457763672,22.770000457763672,22.770000457763672,22.770000457763672,0
2022-12-27,22.40999984741211,22.40999984741211,22.40999984741211,22.40999984741211,0
2022-12-28,22.190000534057617,22.190000534057617,22.190000534057617,22.190000534057617,0
2022-12-29,22.84000015258789,22.84000015258789,22.84000015258789,22.84000015258789,0
2022-12-30,22.850000381469727,22.850000381469727,22.850000381469727,22.850000381469727,0
2023-01-03,22.729999542236328,22.729999542236328,22.729999542236328,22.729999542236328,0
2023-01-04,23.170000076293945,23.170000076293945,23.170000076293945,23.170000076293945,0
2023-01-05,22.709999084472656,22.709999084472656,22.709999084472656,22.709999084472656,0
2023-01-06,23.219999313354492,23.219999313354492,23.219999313354492,23.219999313354492,0
2023-01-09,23.639999389648438,23.639999389648438,23.639999389648438,23.639999389648438,0
2023-01-10,23.93000030517578,23.93000030517578,23.93000030517578,23.93000030517578,0
2023-01-11,24.43000030517578,24.43000030517578,24.43000030517578,24.43000030517578,0
2023-01-12,24.81999969482422,24.81999969482422,24.81999969482422,24.81999969482422,0
2023-01-13,25.09000015258789,25.09000015258789,25.09000015258789,25.09000015258789,0
2023-01-17,25.139999389648438,25.139999389648438,25.139999389648438,25.139999389648438,0
2023-01-18,24.959999084472656,24.959999084472656,24.959999084472656,24.959999084472656,0
2023-01-19,24.520000457763672,24.520000457763672,24.520000457763672,24.520000457763672,0
2023-01-20,25.100000381469727,25.100000381469727,25.100000381469727,25.100000381469727,0
2023-01-23,25.65999984741211,25.65999984741211,25.65999984741211,25.65999984741211,0
2023-01-24,25.469999313354492,25.469999313354492,25.469999313354492,25.469999313354492,0
2023-01-25,25.450000762939453,25.450000762939453,25.450000762939453,25.450000762939453,0
2023-01-26,25.799999237060547,25.799999237060547,25.799999237060547,25.799999237060547,0
2023-01-27,26.020000457763672,26.020000457763672,26.020000457763672,26.020000457763672,0
2023-01-30,25.489999771118164,25.489999771118164,25.489999771118164,25.489999771118164,0
2023-01-31,26.1299991607666,26.1299991607666,26.1299991607666,26.1299991607666,0
2023-02-01,26.979999542236328,26.979999542236328,26.979999542236328,26.979999542236328,0
2023-02-02,27.809999465942383,27.809999465942383,27.809999465942383,27.809999465942383,0
2023-02-03,27.459999084472656,27.459999084472656,27.459999084472656,27.459999084472656,0
2023-02-06,26.969999313354492,26.969999313354492,26.969999313354492,26.969999313354492,0
2023-02-07,27.239999771118164,27.239999771118164,27.239999771118164,27.239999771118164,0
2023-02-08,26.780000686645508,26.780000686645508,26.780000686645508,26.780000686645508,0
2023-02-09,26.360000610351562,26.360000610351562,26.360000610351562,26.360000610351562,0
2023-02-10,26.200000762939453,26.200000762939453,26.200000762939453,26.200000762939453,0
2023-02-13,26.540000915527344,26.540000915527344,26.540000915527344,26.540000915527344,0
2023-02-14,26.84000015258789,26.84000015258789,26.84000015258789,26.84000015258789,0
2023-02-15,27.290000915527344,27.290000915527344,27.290000915527344,27.290000915527344,0
2023-02-16,26.75,26.75,26.75,26.75,0
2023-02-17,26.770000457763672,26.770000457763672,26.770000457763672,26.770000457763672,0
2023-02-21,25.989999771118164,25.989999771118164,25.989999771118164,25.989999771118164,0
2023-02-22,26.110000610351562,26.110000610351562,26.110000610351562,26.110000610351562,0
2023-02-23,26.3700008392334,26.3700008392334,26.3700008392334,26.3700008392334,0
2023-02-24,26.110000610351562,26.110000610351562,26.110000610351562,26.110000610351562,0
2023-02-27,26.170000076293945,26.170000076293945,26.170000076293945,26.170000076293945,0
2023-02-28,26.34000015258789,26.34000015258789,26.34000015258789,26.34000015258789,0
2023-03-01,26.09000015258789,26.09000015258789,26.09000015258789,26.09000015258789,0
2023-03-02,25.979999542236328,25.979999542236328,25.979999542236328,25.979999542236328,0
2023-03-03,26.360000610351562,26.360000610351562,26.360000610351562,26.360000610351562,0
2023-03-06,26.18000030517578,26.18000030517578,26.18000030517578,26.18000030517578,0
2023-03-07,25.920000076293945,25.920000076293945,25.920000076293945,25.920000076293945,0
2023-03-08,25.989999771118164,25.989999771118164,25.989999771118164,25.989999771118164,0
2023-03-09,25.309999465942383,25.309999465942383,25.309999465942383,25.309999465942383,0
2023-03-10,24.389999389648438,24.389999389648438,24.389999389648438,24.389999389648438,0
2023-03-13,24.280000686645508,24.280000686645508,24.280000686645508,24.280000686645508,0
2023-03-14,24.6299991607666,24.6299991607666,24.6299991607666,24.6299991607666,0
2023-03-15,24.34000015258789,24.34000015258789,24.34000015258789,24.34000015258789,0
2023-03-16,24.829999923706055,24.829999923706055,24.829999923706055,24.829999923706055,0
2023-03-17,24.399999618530273,24.399999618530273,24.399999618530273,24.399999618530273,0
2023-03-20,24.510000228881836,24.510000228881836,24.510000228881836,24.510000228881836,0
2023-03-21,25.100000381469727,25.100000381469727,25.100000381469727,25.100000381469727,0
2023-03-22,24.440000534057617,24.440000534057617,24.440000534057617,24.440000534057617,0
2023-03-23,24.639999389648438,24.639999389648438,24.639999389648438,24.639999389648438,0
2023-03-24,24.489999771118164,24.489999771118164,24.489999771118164,24.489999771118164,0
2023-03-27,24.649999618530273,24.649999618530273,24.649999618530273,24.649999618530273,0
2023-03-28,24.420000076293945,24.420000076293945,24.420000076293945,24.420000076293945,0
2023-03-29,24.790000915527344,24.790000915527344,24.790000915527344,24.790000915527344,0
2023-03-30,24.84000015258789,24.84000015258789,24.84000015258789,24.84000015258789,0
2023-03-31,25.40999984741211,25.40999984741211,25.40999984741211,25.40999984741211,0
2023-04-03,25.260000228881836,25.260000228881836,25.260000228881836,25.260000228881836,0
2023-04-04,24.979999542236328,24.979999542236328,24.979999542236328,24.979999542236328,0
2023-04-05,24.510000228881836,24.510000228881836,24.510000228881836,24.510000228881836,0
2023-04-06,24.540000915527344,24.540000915527344,24.540000915527344,24.540000915527344,0
2023-04-10,24.780000686645508,24.780000686645508,24.780000686645508,24.780000686645508,0
2023-04-11,24.850000381469727,24.850000381469727,24.850000381469727,24.850000381469727,0
2023-04-12,24.670000076293945,24.670000076293945,24.670000076293945,24.670000076293945,0
2023-04-13,24.84000015258789,24.84000015258789,24.84000015258789,24.84000015258789,0
2023-04-14,24.65999984741211,24.65999984741211,24.65999984741211,24.65999984741211,0
2023-04-17,24.8799991607666,24.8799991607666,24.8799991607666,24.8799991607666,0
2023-04-18,24.969999313354492,24.969999313354492,24.969999313354492,24.969999313354492,0
2023-04-19,24.950000762939453,24.950000762939453,24.950000762939453,24.950000762939453,0
2023-04-20,24.8799991607666,24.8799991607666,24.8799991607666,24.8799991607666,0
2023-04-21,25.06999969482422,25.06999969482422,25.06999969482422,25.06999969482422,0
2023-04-24,24.860000610351562,24.860000610351562,24.860000610351562,24.860000610351562,0
2023-04-25,24.139999389648438,24.139999389648438,24.139999389648438,24.139999389648438,0
2023-04-26,24.059999465942383,24.059999465942383,24.059999465942383,24.059999465942383,0
2023-04-27,24.200000762939453,24.200000762939453,24.200000762939453,24.200000762939453,0
2023-04-28,24.309999465942383,24.309999465942383,24.309999465942383,24.309999465942383,0
2023-05-01,24.399999618530273,24.399999618530273,24.399999618530273,24.399999618530273,0
2023-05-02,23.950000762939453,23.950000762939453,23.950000762939453,23.950000762939453,0
2023-05-03,23.940000534057617,23.940000534057617,23.940000534057617,23.940000534057617,0
2023-05-04,23.610000610351562,23.610000610351562,23.610000610351562,23.610000610351562,0
2023-05-05,24.139999389648438,24.139999389648438,24.139999389648438,24.139999389648438,0
2023-05-08,24.299999237060547,24.299999237060547,24.299999237060547,24.299999237060547,0
2023-05-09,24.290000915527344,24.290000915527344,24.290000915527344,24.290000915527344,0
2023-05-10,24.170000076293945,24.170000076293945,24.170000076293945,24.170000076293945,0
2023-05-11,24.170000076293945,24.170000076293945,24.170000076293945,24.170000076293945,0
2023-05-12,24.09000015258789,24.09000015258789,24.09000015258789,24.09000015258789,0
2023-05-15,24.40999984741211,24.40999984741211,24.40999984741211,24.40999984741211,0
2023-05-16,24.18000030517578,24.18000030517578,24.18000030517578,24.18000030517578,0
2023-05-17,24.489999771118164,24.489999771118164,24.489999771118164,24.489999771118164,0
2023-05-18,24.739999771118164,24.739999771118164,24.739999771118164,24.739999771118164,0
2023-05-19,24.549999237060547,24.549999237060547,24.549999237060547,24.549999237060547,0
2023-05-22,25.0,25.0,25.0,25.0,0
2023-05-23,24.670000076293945,24.670000076293945,24.670000076293945,24.670000076293945,0
2023-05-24,24.329999923706055,24.329999923706055,24.329999923706055,24.329999923706055,0
2023-05-25,24.170000076293945,24.170000076293945,24.170000076293945,24.170000076293945,0
2023-05-26,24.510000228881836,24.510000228881836,24.510000228881836,24.510000228881836,0
2023-05-30,24.489999771118164,24.489999771118164,24.489999771118164,24.489999771118164,0
2023-05-31,24.440000534057617,24.440000534057617,24.440000534057617,24.440000534057617,0
2023-06-01,24.670000076293945,24.670000076293945,24.670000076293945,24.670000076293945,0
2023-06-02,25.09000015258789,25.09000015258789,25.09000015258789,25.09000015258789,0
2023-06-05,25.06999969482422,25.06999969482422,25.06999969482422,25.06999969482422,0
2023-06-06,25.739999771118164,25.739999771118164,25.739999771118164,25.739999771118164,0
2023-06-07,25.809999465942383,25.809999465942383,25.809999465942383,25.809999465942383,0
2023-06-08,25.6200008392334,25.6200008392334,25.6200008392334,25.6200008392334,0
2023-06-09,25.479999542236328,25.479999542236328,25.479999542236328,25.479999542236328,0
2023-06-12,25.860000610351562,25.860000610351562,25.860000610351562,25.860000610351562,0
2023-06-13,26.200000762939453,26.200000762939453,26.200000762939453,26.200000762939453,0
2023-06-14,25.969999313354492,25.969999313354492,25.969999313354492,25.969999313354492,0
2023-06-15,26.209999084472656,26.209999084472656,26.209999084472656,26.209999084472656,0
2023-06-16,25.889999389648438,25.889999389648438,25.889999389648438,25.889999389648438,0
2023-06-20,25.81999969482422,25.81999969482422,25.81999969482422,25.81999969482422,0
2023-06-21,25.649999618530273,25.649999618530273,25.649999618530273,25.649999618530273,0
2023-06-22,25.579999923706055,25.579999923706055,25.579999923706055,25.579999923706055,0
2023-06-23,25.190000534057617,25.190000534057617,25.190000534057617,25.190000534057617,0
2023-06-26,25.18000030517578,25.18000030517578,25.18000030517578,25.18000030517578,0
2023-06-27,25.709999084472656,25.709999084472656,25.709999084472656,25.709999084472656,0
2023-06-28,25.829999923706055,25.829999923706055,25.829999923706055,25.829999923706055,0
2023-06-29,26.06999969482422,26.06999969482422,26.06999969482422,26.06999969482422,0
2023-06-30,26.31999969482422,26.31999969482422,26.31999969482422,26.31999969482422,0
2023-07-03,26.209999084472656,26.209999084472656,26.209999084472656,26.209999084472656,0
2023-07-05,25.950000762939453,25.950000762939453,25.950000762939453,25.950000762939453,0
2023-07-06,25.479999542236328,25.479999542236328,25.479999542236328,25.479999542236328,0
2023-07-07,25.610000610351562,25.610000610351562,25.610000610351562,25.610000610351562,0
2023-07-10,26.260000228881836,26.260000228881836,26.260000228881836,26.260000228881836,0
2023-07-11,26.530000686645508,26.530000686645508,26.530000686645508,26.530000686645508,0
2023-07-12,26.709999084472656,26.709999084472656,26.709999084472656,26.709999084472656,0
2023-07-13,27.010000228881836,27.010000228881836,27.010000228881836,27.010000228881836,0
2023-07-14,26.75,26.75,26.75,26.75,0
2023-07-17,27.1299991607666,27.1299991607666,27.1299991607666,27.1299991607666,0
2023-07-18,27.309999465942383,27.309999465942383,27.309999465942383,27.309999465942383,0
2023-07-19,27.190000534057617,27.190000534057617,27.190000534057617,27.190000534057617,0
2023-07-20,26.690000534057617,26.690000534057617,26.690000534057617,26.690000534057617,0
2023-07-21,26.760000228881836,26.760000228881836,26.760000228881836,26.760000228881836,0
2023-07-24,26.649999618530273,26.649999618530273,26.649999618530273,26.649999618530273,0
2023-07-25,26.81999969482422,26.81999969482422,26.81999969482422,26.81999969482422,0
2023-07-26,26.940000534057617,26.940000534057617,26.940000534057617,26.940000534057617,0
2023-07-27,26.579999923706055,26.579999923706055,26.579999923706055,26.579999923706055,0
2023-07-28,27.040000915527344,27.040000915527344,27.040000915527344,27.040000915527344,0
2023-07-31,27.389999389648438,27.389999389648438,27.389999389648438,27.389999389648438,0
2023-08-01,27.3700008392334,27.3700008392334,27.3700008392334,27.3700008392334,0
2023-08-02,26.59000015258789,26.59000015258789,26.59000015258789,26.59000015258789,0
2023-08-03,26.729999542236328,26.729999542236328,26.729999542236328,26.729999542236328,0
2023-08-04,26.709999084472656,26.709999084472656,26.709999084472656,26.709999084472656,0
2023-08-07,26.719999313354492,26.719999313354492,26.719999313354492,26.719999313354492,0
2023-08-08,26.420000076293945,26.420000076293945,26.420000076293945,26.420000076293945,0
2023-08-09,26.270000457763672,26.270000457763672,26.270000457763672,26.270000457763672,0
2023-08-10,26.1299991607666,26.1299991607666,26.1299991607666,26.1299991607666,0
2023-08-11,26.1299991607666,26.1299991607666,26.1299991607666,26.1299991607666,0
2023-08-14,26.329999923706055,26.329999923706055,26.329999923706055,26.329999923706055,0
2023-08-15,25.989999771118164,25.989999771118164,25.989999771118164,25.989999771118164,0
2023-08-16,25.75,25.75,25.75,25.75,0
2023-08-17,25.25,25.25,25.25,25.25,0
2023-08-18,25.34000015258789,25.34000015258789,25.34000015258789,25.34000015258789,0
2023-08-21,25.520000457763672,25.520000457763672,25.520000457763672,25.520000457763672,0
2023-08-22,25.579999923706055,25.579999923706055,25.579999923706055,25.579999923706055,0
2023-08-23,26.020000457763672,26.020000457763672,26.020000457763672,26.020000457763672,0
2023-08-24,25.489999771118164,25.489999771118164,25.489999771118164,25.489999771118164,0
2023-08-25,25.739999771118164,25.739999771118164,25.739999771118164,25.739999771118164,0
2023-08-28,25.809999465942383,25.809999465942383,25.809999465942383,25.809999465942383,0
2023-08-29,26.31999969482422,26.31999969482422,26.31999969482422,26.31999969482422,0
2023-08-30,26.56999969482422,26.56999969482422,26.56999969482422,26.56999969482422,0
2023-08-31,26.68000030517578,26.68000030517578,26.68000030517578,26.68000030517578,0
2023-09-01,26.920000076293945,26.920000076293945,26.920000076293945,26.920000076293945,0
2023-09-05,26.520000457763672,26.520000457763672,26.520000457763672,26.520000457763672,0
2023-09-06,26.450000762939453,26.450000762939453,26.450000762939453,26.450000762939453,0
2023-09-07,26.270000457763672,26.270000457763672,26.270000457763672,26.270000457763672,0
2023-09-08,26.079999923706055,26.079999923706055,26.079999923706055,26.079999923706055,0
2023-09-11,26.149999618530273,26.149999618530273,26.149999618530273,26.149999618530273,0
2023-09-12,25.969999313354492,25.969999313354492,25.969999313354492,25.969999313354492,0
2023-09-13,25.809999465942383,25.809999465942383,25.809999465942383,25.809999465942383,0
2023-09-14,26.100000381469727,26.100000381469727,26.100000381469727,26.100000381469727,0
2023-09-15,25.799999237060547,25.799999237060547,25.799999237060547,25.799999237060547,0
2023-09-18,25.709999084472656,25.709999084472656,25.709999084472656,25.709999084472656,0
2023-09-19,25.510000228881836,25.510000228881836,25.510000228881836,25.510000228881836,0
2023-09-20,25.360000610351562,25.360000610351562,25.360000610351562,25.360000610351562,0
2023-09-21,25.360000610351562,25.360000610351562,25.360000610351562,25.360000610351562,0
2023-09-22,24.75,24.75,24.75,24.75,0
2023-09-25,24.729999542236328,24.729999542236328,24.729999542236328,24.729999542236328,0
2023-09-26,24.389999389648438,24.389999389648438,24.389999389648438,24.389999389648438,0
2023-09-27,24.65999984741211,24.65999984741211,24.65999984741211,24.65999984741211,0
2023-09-28,24.8799991607666,24.8799991607666,24.8799991607666,24.8799991607666,0
2023-09-29,24.90999984741211,24.90999984741211,24.90999984741211,24.90999984741211,0
2023-10-02,24.790000915527344,24.790000915527344,24.790000915527344,24.790000915527344,0
2023-10-03,24.139999389648438,24.139999389648438,24.139999389648438,24.139999389648438,0
2023-10-04,24.3799991607666,24.3799991607666,24.3799991607666,24.3799991607666,0
2023-10-05,24.25,24.25,24.25,24.25,0
2023-10-06,24.649999618530273,24.649999618530273,24.649999618530273,24.649999618530273,0
2023-10-09,24.829999923706055,24.829999923706055,24.829999923706055,24.829999923706055,0
2023-10-10,25.1200008392334,25.1200008392334,25.1200008392334,25.1200008392334,0
2023-10-11,24.989999771118164,24.989999771118164,24.989999771118164,24.989999771118164,0
2023-10-12,24.280000686645508,24.280000686645508,24.280000686645508,24.280000686645508,0
2023-10-13,24.0,24.0,24.0,24.0,0
2023-10-16,24.600000381469727,24.600000381469727,24.600000381469727,24.600000381469727,0
2023-10-17,24.84000015258789,24.84000015258789,24.84000015258789,24.84000015258789,0
2023-10-18,24.229999542236328,24.229999542236328,24.229999542236328,24.229999542236328,0
2023-10-19,23.90999984741211,23.90999984741211,23.90999984741211,23.90999984741211,0
2023-10-20,23.43000030517578,23.43000030517578,23.43000030517578,23.43000030517578,0
2023-10-23,23.280000686645508,23.280000686645508,23.280000686645508,23.280000686645508,0
2023-10-24,23.56999969482422,23.56999969482422,23.56999969482422,23.56999969482422,0
2023-10-25,22.670000076293945,22.670000076293945,22.670000076293945,22.670000076293945,0
2023-10-26,22.530000686645508,22.530000686645508,22.530000686645508,22.530000686645508,0
2023-10-27,21.989999771118164,21.989999771118164,21.989999771118164,21.989999771118164,0
2023-10-30,22.09000015258789,22.09000015258789,22.09000015258789,22.09000015258789,0
2023-10-31,22.450000762939453,22.450000762939453,22.450000762939453,22.450000762939453,0
2023-11-01,22.309999465942383,22.309999465942383,22.309999465942383,22.309999465942383,0
2023-11-02,22.93000030517578,22.93000030517578,22.93000030517578,22.93000030517578,0
2023-11-03,23.540000915527344,23.540000915527344,23.540000915527344,23.540000915527344,0
2023-11-06,23.360000610351562,23.360000610351562,23.360000610351562,23.360000610351562,0
2023-11-07,23.579999923706055,23.579999923706055,23.579999923706055,23.579999923706055,0
2023-11-08,23.510000228881836,23.510000228881836,23.510000228881836,23.510000228881836,0
2023-11-09,23.040000915527344,23.040000915527344,23.040000915527344,23.040000915527344,0
2023-11-10,23.420000076293945,23.420000076293945,23.420000076293945,23.420000076293945,0
2023-11-13,23.579999923706055,23.579999923706055,23.579999923706055,23.579999923706055,0
2023-11-14,24.799999237060547,24.799999237060547,24.799999237060547,24.799999237060547,0
2023-11-15,24.940000534057617,24.940000534057617,24.940000534057617,24.940000534057617,0
2023-11-16,24.719999313354492,24.719999313354492,24.719999313354492,24.719999313354492,0
2023-11-17,24.979999542236328,24.979999542236328,24.979999542236328,24.979999542236328,0
2023-11-20,25.299999237060547,25.299999237060547,25.299999237060547,25.299999237060547,0
2023-11-21,25.09000015258789,25.09000015258789,25.09000015258789,25.09000015258789,0
2023-11-22,25.329999923706055,25.329999923706055,25.329999923706055,25.329999923706055,0
2023-11-24,25.43000030517578,25.43000030517578,25.43000030517578,25.43000030517578,0
2023-11-27,25.350000381469727,25.350000381469727,25.350000381469727,25.350000381469727,0
2023-11-28,25.25,25.25,25.25,25.25,0
2023-11-29,25.469999313354492,25.469999313354492,25.469999313354492,25.469999313354492,0
2023-11-30,25.489999771118164,25.489999771118164,25.489999771118164,25.489999771118164,0
2023-12-01,26.09000015258789,26.09000015258789,26.09000015258789,26.09000015258789,0
2023-12-04,26.139999389648438,26.139999389648438,26.139999389648438,26.139999389648438,0
2023-12-05,25.8700008392334,25.8700008392334,25.8700008392334,25.8700008392334,0
2023-12-06,25.920000076293945,25.920000076293945,25.920000076293945,25.920000076293945,0
2023-12-07,26.100000381469727,26.100000381469727,26.100000381469727,26.100000381469727,0
2023-12-08,26.239999771118164,26.239999771118164,26.239999771118164,26.239999771118164,0
2023-12-11,26.360000610351562,26.360000610351562,26.360000610351562,26.360000610351562,0
2023-12-12,26.459999084472656,26.459999084472656,26.459999084472656,26.459999084472656,0
2023-12-13,27.170000076293945,27.170000076293945,27.170000076293945,27.170000076293945,0
2023-12-14,27.770000457763672,27.770000457763672,27.770000457763672,27.770000457763672,0
2023-12-15,27.639999389648438,27.639999389648438,27.639999389648438,27.639999389648438,0
2023-12-18,27.68000030517578,27.68000030517578,27.68000030517578,27.68000030517578,0
2023-12-19,28.030000686645508,28.030000686645508,28.030000686645508,28.030000686645508,0
2023-12-20,27.440000534057617,27.440000534057617,27.440000534057617,27.440000534057617,0
2023-12-21,27.950000762939453,27.950000762939453,27.950000762939453,27.950000762939453,0
2023-12-22,28.1200008392334,28.1200008392334,28.1200008392334,28.1200008392334,0
2023-12-26,28.360000610351562,28.360000610351562,28.360000610351562,28.360000610351562,0
2023-12-27,28.3799991607666,28.3799991607666,28.3799991607666,28.3799991607666,0
2023-12-28,28.40999984741211,28.40999984741211,28.40999984741211,28.40999984741211,0
2023-12-29,28.010000228881836,28.010000228881836,28.010000228881836,28.010000228881836,0
2024-01-02,27.5,27.5,27.5,27.5,0
2024-01-03,26.549999237060547,26.549999237060547,26.549999237060547,26.549999237060547,0
2024-01-04,26.459999084472656,26.459999084472656,26.459999084472656,26.459999084472656,0
2024-01-05,26.469999313354492,26.469999313354492,26.469999313354492,26.469999313354492,0
2024-01-08,27.209999084472656,27.209999084472656,27.209999084472656,27.209999084472656,0
2024-01-09,27.079999923706055,27.079999923706055,27.079999923706055,27.079999923706055,0
2024-01-10,27.190000534057617,27.190000534057617,27.190000534057617,27.190000534057617,0
2024-01-11,27.209999084472656,27.209999084472656,27.209999084472656,27.209999084472656,0
2024-01-12,27.209999084472656,27.209999084472656,27.209999084472656,27.209999084472656,0
2024-01-16,27.110000610351562,27.110000610351562,27.110000610351562,27.110000610351562,0
2024-01-17,26.90999984741211,26.90999984741211,26.90999984741211,26.90999984741211,0
2024-01-18,27.25,27.25,27.25,27.25,0
2024-01-19,27.610000610351562,27.610000610351562,27.610000610351562,27.610000610351562,0
2024-01-22,28.1200008392334,28.1200008392334,28.1200008392334,28.1200008392334,0
2024-01-23,28.079999923706055,28.079999923706055,28.079999923706055,28.079999923706055,0
2024-01-24,27.709999084472656,27.709999084472656,27.709999084472656,27.709999084472656,0
2024-01-25,27.84000015258789,27.84000015258789,27.84000015258789,27.84000015258789,0
2024-01-26,27.709999084472656,27.709999084472656,27.709999084472656,27.709999084472656,0
2024-01-29,28.329999923706055,28.329999923706055,28.329999923706055,28.329999923706055,0
2024-01-30,28.040000915527344,28.040000915527344,28.040000915527344,28.040000915527344,0
2024-01-31,27.399999618530273,27.399999618530273,27.399999618530273,27.399999618530273,0
2024-02-01,27.920000076293945,27.920000076293945,27.920000076293945,27.920000076293945,0
2024-02-02,27.989999771118164,27.989999771118164,27.989999771118164,27.989999771118164,0
2024-02-05,27.760000228881836,27.760000228881836,27.760000228881836,27.760000228881836,0
2024-02-06,28.100000381469727,28.100000381469727,28.100000381469727,28.100000381469727,0
2024-02-07,28.139999389648438,28.139999389648438,28.139999389648438,28.139999389648438,0
2024-02-08,28.670000076293945,28.670000076293945,28.670000076293945,28.670000076293945,0
2024-02-09,29.209999084472656,29.209999084472656,29.209999084472656,29.209999084472656,0
2024-02-12,29.239999771118164,29.239999771118164,29.239999771118164,29.239999771118164,0
2024-02-13,28.329999923706055,28.329999923706055,28.329999923706055,28.329999923706055,0
2024-02-14,29.1200008392334,29.1200008392334,29.1200008392334,29.1200008392334,0
2024-02-15,29.450000762939453,29.450000762939453,29.450000762939453,29.450000762939453,0
2024-02-16,29.3700008392334,29.3700008392334,29.3700008392334,29.3700008392334,0
2024-02-20,28.780000686645508,28.780000686645508,28.780000686645508,28.780000686645508,0
2024-02-21,28.31999969482422,28.31999969482422,28.31999969482422,28.31999969482422,0
2024-02-22,28.579999923706055,28.579999923706055,28.579999923706055,28.579999923706055,0
2024-02-23,28.670000076293945,28.670000076293945,28.670000076293945,28.670000076293945,0
2024-02-26,28.780000686645508,28.780000686645508,28.780000686645508,28.780000686645508,0
2024-02-27,28.920000076293945,28.920000076293945,28.920000076293945,28.920000076293945,0
2024-02-28,29.110000610351562,29.110000610351562,29.110000610351562,29.110000610351562,0
2024-02-29,29.229999542236328,29.229999542236328,29.229999542236328,29.229999542236328,0
2024-03-01,29.31999969482422,29.31999969482422,29.31999969482422,29.31999969482422,0
2024-03-04,29.329999923706055,29.329999923706055,29.329999923706055,29.329999923706055,0
2024-03-05,28.350000381469727,28.350000381469727,28.350000381469727,28.350000381469727,0
2024-03-06,28.690000534057617,28.690000534057617,28.690000534057617,28.690000534057617,0
2024-03-07,28.940000534057617,28.940000534057617,28.940000534057617,28.940000534057617,0
2024-03-08,28.829999923706055,28.829999923706055,28.829999923706055,28.829999923706055,0
2024-03-11,28.56999969482422,28.56999969482422,28.56999969482422,28.56999969482422,0
2024-03-12,28.65999984741211,28.65999984741211,28.65999984741211,28.65999984741211,0
2024-03-13,28.600000381469727,28.600000381469727,28.600000381469727,28.600000381469727,0
2024-03-14,28.0,28.0,28.0,28.0,0
2024-03-15,27.790000915527344,27.790000915527344,27.790000915527344,27.790000915527344,0
2024-03-18,27.959999084472656,27.959999084472656,27.959999084472656,27.959999084472656,0
2024-03-19,28.219999313354492,28.219999313354492,28.219999313354492,28.219999313354492,0
2024-03-20,28.68000030517578,28.68000030517578,28.68000030517578,28.68000030517578,0
2024-03-21,29.100000381469727,29.100000381469727,29.100000381469727,29.100000381469727,0
2024-03-22,28.780000686645508,28.780000686645508,28.780000686645508,28.780000686645508,0
2024-03-25,28.770000457763672,28.770000457763672,28.770000457763672,28.770000457763672,0
2024-03-26,28.850000381469727,28.850000381469727,28.850000381469727,28.850000381469727,0
2024-03-27,29.139999389648438,29.139999389648438,29.139999389648438,29.139999389648438,0
2024-03-28,29.290000915527344,29.290000915527344,29.290000915527344,29.290000915527344,0
2024-04-01,28.93000030517578,28.93000030517578,28.93000030517578,28.93000030517578,0
2024-04-02,28.40999984741211,28.40999984741211,28.40999984741211,28.40999984741211,0
2024-04-03,28.389999389648438,28.389999389648438,28.389999389648438,28.389999389648438,0
2024-04-04,28.110000610351562,28.110000610351562,28.110000610351562,28.110000610351562,0
2024-04-05,28.329999923706055,28.329999923706055,28.329999923706055,28.329999923706055,0
2024-04-08,28.540000915527344,28.540000915527344,28.540000915527344,28.540000915527344,0
2024-04-09,28.719999313354492,28.719999313354492,28.719999313354492,28.719999313354492,0
2024-04-10,28.06999969482422,28.06999969482422,28.06999969482422,28.06999969482422,0
2024-04-11,28.280000686645508,28.280000686645508,28.280000686645508,28.280000686645508,0
2024-04-12,27.670000076293945,27.670000076293945,27.670000076293945,27.670000076293945,0
2024-04-15,27.1200008392334,27.1200008392334,27.1200008392334,27.1200008392334,0
2024-04-16,27.040000915527344,27.040000915527344,27.040000915527344,27.040000915527344,0
2024-04-17,26.690000534057617,26.690000534057617,26.690000534057617,26.690000534057617,0
2024-04-18,26.6299991607666,26.6299991607666,26.6299991607666,26.6299991607666,0
2024-04-19,26.270000457763672,26.270000457763672,26.270000457763672,26.270000457763672,0
2024-04-22,26.43000030517578,26.43000030517578,26.43000030517578,26.43000030517578,0
2024-04-23,27.010000228881836,27.010000228881836,27.010000228881836,27.010000228881836,0
2024-04-24,27.06999969482422,27.06999969482422,27.06999969482422,27.06999969482422,0
2024-04-25,26.899999618530273,26.899999618530273,26.899999618530273,26.899999618530273,0
2024-04-26,27.09000015258789,27.09000015258789,27.09000015258789,27.09000015258789,0
2024-04-29,27.219999313354492,27.219999313354492,27.219999313354492,27.219999313354492,0
2024-04-30,26.770000457763672,26.770000457763672,26.770000457763672,26.770000457763672,0
2024-05-01,26.780000686645508,26.780000686645508,26.780000686645508,26.780000686645508,0
2024-05-02,27.170000076293945,27.170000076293945,27.170000076293945,27.170000076293945,0
2024-05-03,27.43000030517578,27.43000030517578,27.43000030517578,27.43000030517578,0
2024-05-06,27.959999084472656,27.959999084472656,27.959999084472656,27.959999084472656,0
2024-05-07,27.940000534057617,27.940000534057617,27.940000534057617,27.940000534057617,0
2024-05-08,27.309999465942383,27.309999465942383,27.309999465942383,27.309999465942383,0
2024-05-09,27.510000228881836,27.510000228881836,27.510000228881836,27.510000228881836,0
2024-05-10,27.59000015258789,27.59000015258789,27.59000015258789,27.59000015258789,0
2024-05-13,27.579999923706055,27.579999923706055,27.579999923706055,27.579999923706055,0
2024-05-14,28.010000228881836,28.010000228881836,28.010000228881836,28.010000228881836,0
2024-05-15,28.43000030517578,28.43000030517578,28.43000030517578,28.43000030517578,0
2024-05-16,28.290000915527344,28.290000915527344,28.290000915527344,28.290000915527344,0
2024-05-17,28.40999984741211,28.40999984741211,28.40999984741211,28.40999984741211,0
2024-05-20,28.670000076293945,28.670000076293945,28.670000076293945,28.670000076293945,0
2024-05-21,28.469999313354492,28.469999313354492,28.469999313354492,28.469999313354492,0
2024-05-22,28.3799991607666,28.3799991607666,28.3799991607666,28.3799991607666,0
2024-05-23,27.920000076293945,27.920000076293945,27.920000076293945,27.920000076293945,0
2024-05-24,28.1200008392334,28.1200008392334,28.1200008392334,28.1200008392334,0
2024-05-28,27.90999984741211,27.90999984741211,27.90999984741211,27.90999984741211,0
2024-05-29,27.489999771118164,27.489999771118164,27.489999771118164,27.489999771118164,0
2024-05-30,27.280000686645508,27.280000686645508,27.280000686645508,27.280000686645508,0
2024-05-31,27.18000030517578,27.18000030517578,27.18000030517578,27.18000030517578,0
2024-06-03,27.100000381469727,27.100000381469727,27.100000381469727,27.100000381469727,0
2024-06-04,26.690000534057617,26.690000534057617,26.690000534057617,26.690000534057617,0
2024-06-05,27.25,27.25,27.25,27.25,0
2024-06-06,27.079999923706055,27.079999923706055,27.079999923706055,27.079999923706055,0
2024-06-07,26.770000457763672,26.770000457763672,26.770000457763672,26.770000457763672,0
2024-06-10,26.989999771118164,26.989999771118164,26.989999771118164,26.989999771118164,0
2024-06-11,26.950000762939453,26.950000762939453,26.950000762939453,26.950000762939453,0
2024-06-12,27.459999084472656,27.459999084472656,27.459999084472656,27.459999084472656,0
2024-06-13,27.139999389648438,27.139999389648438,27.139999389648438,27.139999389648438,0
2024-06-14,26.790000915527344,26.790000915527344,26.790000915527344,26.790000915527344,0
2024-06-17,26.799999237060547,26.799999237060547,26.799999237060547,26.799999237060547,0
2024-06-18,26.860000610351562,26.860000610351562,26.860000610351562,26.860000610351562,0
2024-06-20,26.649999618530273,26.649999618530273,26.649999618530273,26.649999618530273,0
2024-06-21,26.719999313354492,26.719999313354492,26.719999313354492,26.719999313354492,0
2024-06-24,26.559999465942383,26.559999465942383,26.559999465942383,26.559999465942383,0
2024-06-25,26.43000030517578,26.43000030517578,26.43000030517578,26.43000030517578,0
2024-06-26,26.540000915527344,26.540000915527344,26.540000915527344,26.540000915527344,0
2024-06-27,26.860000610351562,26.860000610351562,26.860000610351562,26.860000610351562,0
2024-06-28,27.010000228881836,27.010000228881836,27.010000228881836,27.010000228881836,0
2024-07-01,26.670000076293945,26.670000076293945,26.670000076293945,26.670000076293945,0
2024-07-02,26.780000686645508,26.780000686645508,26.780000686645508,26.780000686645508,0
2024-07-03,26.8700008392334,26.8700008392334,26.8700008392334,26.8700008392334,0
2024-07-05,26.90999984741211,26.90999984741211,26.90999984741211,26.90999984741211,0
2024-07-08,26.969999313354492,26.969999313354492,26.969999313354492,26.969999313354492,0
2024-07-09,26.56999969482422,26.56999969482422,26.56999969482422,26.56999969482422,0
2024-07-10,26.690000534057617,26.690000534057617,26.690000534057617,26.690000534057617,0
2024-07-11,27.459999084472656,27.459999084472656,27.459999084472656,27.459999084472656,0
2024-07-12,27.770000457763672,27.770000457763672,27.770000457763672,27.770000457763672,0
2024-07-15,28.18000030517578,28.18000030517578,28.18000030517578,28.18000030517578,0
2024-07-16,29.149999618530273,29.149999618530273,29.149999618530273,29.149999618530273,0
2024-07-17,28.700000762939453,28.700000762939453,28.700000762939453,28.700000762939453,0
2024-07-18,28.059999465942383,28.059999465942383,28.059999465942383,28.059999465942383,0
2024-07-19,27.969999313354492,27.969999313354492,27.969999313354492,27.969999313354492,0
2024-07-22,28.459999084472656,28.459999084472656,28.459999084472656,28.459999084472656,0
2024-07-23,28.690000534057617,28.690000534057617,28.690000534057617,28.690000534057617,0
2024-07-24,27.920000076293945,27.920000076293945,27.920000076293945,27.920000076293945,0
2024-07-25,27.93000030517578,27.93000030517578,27.93000030517578,27.93000030517578,0
2024-07-26,28.399999618530273,28.399999618530273,28.399999618530273,28.399999618530273,0
2024-07-29,28.309999465942383,28.309999465942383,28.309999465942383,28.309999465942383,0
2024-07-30,28.329999923706055,28.329999923706055,28.329999923706055,28.329999923706055,0
2024-07-31,28.549999237060547,28.549999237060547,28.549999237060547,28.549999237060547,0
2024-08-01,28.010000228881836,28.010000228881836,28.010000228881836,28.010000228881836,0
2024-08-02,26.989999771118164,26.989999771118164,26.989999771118164,26.989999771118164,0
2024-08-05,26.239999771118164,26.239999771118164,26.239999771118164,26.239999771118164,0
2024-08-06,26.719999313354492,26.719999313354492,26.719999313354492,26.719999313354492,0
2024-08-07,26.799999237060547,26.799999237060547,26.799999237060547,26.799999237060547,0
2024-08-08,27.780000686645508,27.780000686645508,27.780000686645508,27.780000686645508,0
2024-08-09,27.790000915527344,27.790000915527344,27.790000915527344,27.790000915527344,0
2024-08-12,27.649999618530273,27.649999618530273,27.649999618530273,27.649999618530273,0
2024-08-13,28.25,28.25,28.25,28.25,0
2024-08-14,28.239999771118164,28.239999771118164,28.239999771118164,28.239999771118164,0
2024-08-15,28.899999618530273,28.899999618530273,28.899999618530273,28.899999618530273,0
2024-08-16,29.18000030517578,29.18000030517578,29.18000030517578,29.18000030517578,0
2024-08-19,29.600000381469727,29.600000381469727,29.600000381469727,29.600000381469727,0
2024-08-20,29.280000686645508,29.280000686645508,29.280000686645508,29.280000686645508,0
2024-08-21,29.719999313354492,29.719999313354492,29.719999313354492,29.719999313354492,0
2024-08-22,29.290000915527344,29.290000915527344,29.290000915527344,29.290000915527344,0
2024-08-23,29.84000015258789,29.84000015258789,29.84000015258789,29.84000015258789,0
2024-08-26,29.829999923706055,29.829999923706055,29.829999923706055,29.829999923706055,0
2024-08-27,29.84000015258789,29.84000015258789,29.84000015258789,29.84000015258789,0
2024-08-28,29.489999771118164,29.489999771118164,29.489999771118164,29.489999771118164,0
2024-08-29,29.739999771118164,29.739999771118164,29.739999771118164,29.739999771118164,0
2024-08-30,29.8700008392334,29.8700008392334,29.8700008392334,29.8700008392334,0
2024-09-03,28.84000015258789,28.84000015258789,28.84000015258789,28.84000015258789,0
2024-09-04,28.940000534057617,28.940000534057617,28.940000534057617,28.940000534057617,0
2024-09-05,28.729999542236328,28.729999542236328,28.729999542236328,28.729999542236328,0
2024-09-06,28.399999618530273,28.399999618530273,28.399999618530273,28.399999618530273,0
2024-09-09,28.440000534057617,28.440000534057617,28.440000534057617,28.440000534057617,0
2024-09-10,28.469999313354492,28.469999313354492,28.469999313354492,28.469999313354492,0
2024-09-11,28.719999313354492,28.719999313354492,28.719999313354492,28.719999313354492,0
2024-09-12,29.09000015258789,29.09000015258789,29.09000015258789,29.09000015258789,0
2024-09-13,29.520000457763672,29.520000457763672,29.520000457763672,29.520000457763672,0
2024-09-16,29.709999084472656,29.709999084472656,29.709999084472656,29.709999084472656,0
2024-09-17,29.84000015258789,29.84000015258789,29.84000015258789,29.84000015258789,0
2024-09-18,29.809999465942383,29.809999465942383,29.809999465942383,29.809999465942383,0
2024-09-19,30.350000381469727,30.350000381469727,30.350000381469727,30.350000381469727,0
2024-09-20,30.190000534057617,30.190000534057617,30.190000534057617,30.190000534057617,0
2024-09-23,30.299999237060547,30.299999237060547,30.299999237060547,30.299999237060547,0
2024-09-24,30.389999389648438,30.389999389648438,30.389999389648438,30.389999389648438,0
2024-09-25,30.280000686645508,30.280000686645508,30.280000686645508,30.280000686645508,0
2024-09-26,30.530000686645508,30.530000686645508,30.530000686645508,30.530000686645508,0
2024-09-27,30.600000381469727,30.600000381469727,30.600000381469727,30.600000381469727,0
2024-09-30,30.670000076293945,30.670000076293945,30.670000076293945,30.670000076293945,0
2024-10-01,30.229999542236328,30.229999542236328,30.229999542236328,30.229999542236328,0
2024-10-02,30.34000015258789,30.34000015258789,30.34000015258789,30.34000015258789,0
2024-10-03,30.1299991607666,30.1299991607666,30.1299991607666,30.1299991607666,0
2024-10-04,30.56999969482422,30.56999969482422,30.56999969482422,30.56999969482422,0
2024-10-07,30.209999084472656,30.209999084472656,30.209999084472656,30.209999084472656,0
2024-10-08,30.43000030517578,30.43000030517578,30.43000030517578,30.43000030517578,0
2024-10-09,30.520000457763672,30.520000457763672,30.520000457763672,30.520000457763672,0
2024-10-10,30.479999542236328,30.479999542236328,30.479999542236328,30.479999542236328,0
2024-10-11,31.010000228881836,31.010000228881836,31.010000228881836,31.010000228881836,0
2024-10-14,31.25,31.25,31.25,31.25,0
2024-10-15,31.040000915527344,31.040000915527344,31.040000915527344,31.040000915527344,0
2024-10-16,31.149999618530273,31.149999618530273,31.149999618530273,31.149999618530273,0
2024-10-17,31.010000228881836,31.010000228881836,31.010000228881836,31.010000228881836,0
2024-10-18,31.239999771118164,31.239999771118164,31.239999771118164,31.239999771118164,0
2024-10-21,31.040000915527344,31.040000915527344,31.040000915527344,31.040000915527344,0
2024-10-22,30.790000915527344,30.790000915527344,30.790000915527344,30.790000915527344,0
2024-10-23,30.459999084472656,30.459999084472656,30.459999084472656,30.459999084472656,0
2024-10-24,30.639999389648438,30.639999389648438,30.639999389648438,30.639999389648438,0
2024-10-25,30.56999969482422,30.56999969482422,30.56999969482422,30.56999969482422,0
2024-10-28,30.84000015258789,30.84000015258789,30.84000015258789,30.84000015258789,0
2024-10-29,31.149999618530273,31.149999618530273,31.149999618530273,31.149999618530273,0
2024-10-30,31.1299991607666,31.1299991607666,31.1299991607666,31.1299991607666,0
2024-10-31,30.559999465942383,30.559999465942383,30.559999465942383,30.559999465942383,0
2024-11-01,30.889999389648438,30.889999389648438,30.889999389648438,30.889999389648438,0
2024-11-04,31.030000686645508,31.030000686645508,31.030000686645508,31.030000686645508,0
2024-11-05,31.600000381469727,31.600000381469727,31.600000381469727,31.600000381469727,0
2024-11-06,32.970001220703125,32.970001220703125,32.970001220703125,32.970001220703125,0
2024-11-07,33.11000061035156,33.11000061035156,33.11000061035156,33.11000061035156,0
2024-11-08,33.720001220703125,33.720001220703125,33.720001220703125,33.720001220703125,0
2024-11-11,33.959999084472656,33.959999084472656,33.959999084472656,33.959999084472656,0
2024-11-12,33.63999938964844,33.63999938964844,33.63999938964844,33.63999938964844,0
2024-11-13,33.529998779296875,33.529998779296875,33.529998779296875,33.529998779296875,0
2024-11-14,32.88999938964844,32.88999938964844,32.88999938964844,32.88999938964844,0
2024-11-15,32.290000915527344,32.290000915527344,32.290000915527344,32.290000915527344,0
2024-11-18,32.31999969482422,32.31999969482422,32.31999969482422,32.31999969482422,0
2024-11-19,32.81999969482422,32.81999969482422,32.81999969482422,32.81999969482422,0
2024-11-20,33.09000015258789,33.09000015258789,33.09000015258789,33.09000015258789,0
2024-11-21,33.86000061035156,33.86000061035156,33.86000061035156,33.86000061035156,0
2024-11-22,34.31999969482422,34.31999969482422,34.31999969482422,34.31999969482422,0
2024-11-25,34.83000183105469,34.83000183105469,34.83000183105469,34.83000183105469,0
2024-11-26,34.79999923706055,34.79999923706055,34.79999923706055,34.79999923706055,0
2024-11-27,34.83000183105469,34.83000183105469,34.83000183105469,34.83000183105469,0
2024-11-29,34.97999954223633,34.97999954223633,34.97999954223633,34.97999954223633,0
2024-12-02,34.900001525878906,34.900001525878906,34.900001525878906,34.900001525878906,0
2024-12-03,34.77000045776367,34.77000045776367,34.77000045776367,34.77000045776367,0
2024-12-04,35.099998474121094,35.099998474121094,35.099998474121094,35.099998474121094,0
2024-12-05,34.459999084472656,34.459999084472656,34.459999084472656,34.459999084472656,0
2024-12-06,34.650001525878906,34.650001525878906,34.650001525878906,34.650001525878906,0
2024-12-09,34.349998474121094,34.349998474121094,34.349998474121094,34.349998474121094,0
2024-12-10,34.029998779296875,34.029998779296875,34.029998779296875,34.029998779296875,0
2024-12-11,34.43000030517578,34.43000030517578,34.43000030517578,34.43000030517578,0
2024-12-12,34.31999969482422,34.31999969482422,34.31999969482422,34.31999969482422,0
2024-12-13,34.060001373291016,34.060001373291016,34.060001373291016,34.060001373291016,0
2024-12-16,34.34000015258789,34.34000015258789,34.34000015258789,34.34000015258789,0
2024-12-17,34.02000045776367,34.02000045776367,34.02000045776367,34.02000045776367,0
2024-12-18,32.619998931884766,32.619998931884766,32.619998931884766,32.619998931884766,0
2024-12-19,32.47999954223633,32.47999954223633,32.47999954223633,32.47999954223633,0
2024-12-20,32.93000030517578,32.93000030517578,32.93000030517578,32.93000030517578,0
2024-12-23,32.77000045776367,32.77000045776367,32.77000045776367,32.77000045776367,0
2024-12-24,33.119998931884766,33.119998931884766,33.119998931884766,33.119998931884766,0
2024-12-26,33.29999923706055,33.29999923706055,33.29999923706055,33.29999923706055,0
2024-12-27,32.900001525878906,32.900001525878906,32.900001525878906,32.900001525878906,0
2024-12-30,32.599998474121094,32.599998474121094,32.599998474121094,32.599998474121094,0
2024-12-31,32.56999969482422,32.56999969482422,32.56999969482422,32.56999969482422,0
2025-01-02,32.58000183105469,32.58000183105469,32.58000183105469,32.58000183105469,0
2025-01-03,33.20000076293945,33.20000076293945,33.20000076293945,33.20000076293945,0
2025-01-06,33.650001525878906,33.650001525878906,33.650001525878906,33.650001525878906,0
2025-01-07,33.4900016784668,33.4900016784668,33.4900016784668,33.4900016784668,0
2025-01-08,33.619998931884766,33.619998931884766,33.619998931884766,33.619998931884766,0
2025-01-10,33.290000915527344,33.290000915527344,33.290000915527344,33.290000915527344,0
2025-01-13,33.119998931884766,33.119998931884766,33.119998931884766,33.119998931884766,0
2025-01-14,33.31999969482422,33.31999969482422,33.31999969482422,33.31999969482422,0
2025-01-15,33.900001525878906,33.900001525878906,33.900001525878906,33.900001525878906,0
2025-01-16,34.02000045776367,34.02000045776367,34.02000045776367,34.02000045776367,0
2025-01-17,34.119998931884766,34.119998931884766,34.119998931884766,34.119998931884766,0
2025-01-21,35.09000015258789,35.09000015258789,35.09000015258789,35.09000015258789,0
2025-01-22,34.93000030517578,34.93000030517578,34.93000030517578,34.93000030517578,0
2025-01-23,35.06999969482422,35.06999969482422,35.06999969482422,35.06999969482422,0
2025-01-24,35.029998779296875,35.029998779296875,35.029998779296875,35.029998779296875,0
2025-01-27,34.650001525878906,34.650001525878906,34.650001525878906,34.650001525878906,0
2025-01-28,35.290000915527344,35.290000915527344,35.290000915527344,35.290000915527344,0
2025-01-29,34.97999954223633,34.97999954223633,34.97999954223633,34.97999954223633,0
2025-01-30,35.41999816894531,35.41999816894531,35.41999816894531,35.41999816894531,0
2025-01-31,35.31999969482422,35.31999969482422,35.31999969482422,35.31999969482422,0
2025-02-03,35.09000015258789,35.09000015258789,35.09000015258789,35.09000015258789,0
2025-02-04,35.43000030517578,35.43000030517578,35.43000030517578,35.43000030517578,0
2025-02-05,35.939998626708984,35.939998626708984,35.939998626708984,35.939998626708984,0
2025-02-06,35.540000915527344,35.540000915527344,35.540000915527344,35.540000915527344,0
2025-02-07,35.16999816894531,35.16999816894531,35.16999816894531,35.16999816894531,0
2025-02-10,35.400001525878906,35.400001525878906,35.400001525878906,35.400001525878906,0
2025-02-11,34.790000915527344,34.790000915527344,34.790000915527344,34.790000915527344,0
2025-02-12,34.779998779296875,34.779998779296875,34.779998779296875,34.779998779296875,0
2025-02-13,35.279998779296875,35.279998779296875,35.279998779296875,35.279998779296875,0
2025-02-14,35.470001220703125,35.470001220703125,35.470001220703125,35.470001220703125,0
2025-02-18,35.540000915527344,35.540000915527344,35.540000915527344,35.540000915527344,0
2025-02-19,35.31999969482422,35.31999969482422,35.31999969482422,35.31999969482422,0
2025-02-20,34.849998474121094,34.849998474121094,34.849998474121094,34.849998474121094,0
2025-02-21,33.939998626708984,33.939998626708984,33.939998626708984,33.939998626708984,0
2025-02-24,33.83000183105469,33.83000183105469,33.83000183105469,33.83000183105469,0
2025-02-25,33.36000061035156,33.36000061035156,33.36000061035156,33.36000061035156,0
2025-02-26,33.59000015258789,33.59000015258789,33.59000015258789,33.59000015258789,0
2025-02-27,33.220001220703125,33.220001220703125,33.220001220703125,33.220001220703125,0
2025-02-28,33.650001525878906,33.650001525878906,33.650001525878906,33.650001525878906,0
2025-03-03,32.81999969482422,32.81999969482422,32.81999969482422,32.81999969482422,0
2025-03-04,32.720001220703125,32.720001220703125,32.720001220703125,32.720001220703125,0
2025-03-05,33.130001068115234,33.130001068115234,33.130001068115234,33.130001068115234,0
2025-03-06,31.969999313354492,31.969999313354492,31.969999313354492,31.969999313354492,0
2025-03-07,31.90999984741211,31.90999984741211,31.90999984741211,31.90999984741211,0
2025-03-10,30.75,30.75,30.75,30.75,0
2025-03-11,30.920000076293945,30.920000076293945,30.920000076293945,30.920000076293945,0
2025-03-12,32.40999984741211,32.40999984741211,32.40999984741211,32.40999984741211,0
2025-03-13,30.200000762939453,30.200000762939453,30.200000762939453,30.200000762939453,0
2025-03-14,31.100000381469727,31.100000381469727,31.100000381469727,31.100000381469727,0
2025-03-17,31.600000381469727,31.600000381469727,31.600000381469727,31.600000381469727,0
2025-03-18,31.139999389648438,31.139999389648438,31.139999389648438,31.139999389648438,0
2025-03-19,31.670000076293945,31.670000076293945,31.670000076293945,31.670000076293945,0
2025-03-20,31.420000076293945,31.420000076293945,31.420000076293945,31.420000076293945,0
2025-03-21,31.420000076293945,31.420000076293945,31.420000076293945,31.420000076293945,0
2025-03-24,32.31999969482422,32.31999969482422,32.31999969482422,32.31999969482422,0
2025-03-25,32.279998779296875,32.279998779296875,32.279998779296875,32.279998779296875,0
2025-03-26,31.670000076293945,31.670000076293945,31.670000076293945,31.670000076293945,0
2025-03-27,31.450000762939453,31.450000762939453,31.450000762939453,31.450000762939453,0
2025-03-28,30.739999771118164,30.739999771118164,30.739999771118164,30.739999771118164,0
2025-03-31,30.559999465942383,30.559999465942383,30.559999465942383,30.559999465942383,0
2025-04-01,30.670000076293945,30.670000076293945,30.670000076293945,30.670000076293945,0
2025-04-02,31.299999237060547,31.299999237060547,31.299999237060547,31.299999237060547,0
2025-04-03,29.329999923706055,29.329999923706055,29.329999923706055,29.329999923706055,0
2025-04-04,27.8700008392334,27.8700008392334,27.8700008392334,27.8700008392334,0
2025-04-07,27.899999618530273,27.899999618530273,27.899999618530273,27.899999618530273,0
2025-04-08,27.219999313354492,27.219999313354492,27.219999313354492,27.219999313354492,0
2025-04-09,30.270000457763672,30.270000457763672,30.270000457763672,30.270000457763672,0
2025-04-10,29.209999084472656,29.209999084472656,29.209999084472656,29.209999084472656,0
2025-04-11,29.670000076293945,29.670000076293945,29.670000076293945,29.670000076293945,0
2025-04-14,29.889999389648438,29.889999389648438,29.889999389648438,29.889999389648438,0
2025-04-15,29.989999771118164,29.989999771118164,29.989999771118164,29.989999771118164,0
2025-04-16,29.600000381469727,29.600000381469727,29.600000381469727,29.600000381469727,0
2025-04-17,29.719999313354492,29.719999313354492,29.719999313354492,29.719999313354492,0
2025-04-21,28.899999618530273,28.899999618530273,28.899999618530273,28.899999618530273,0
2025-04-22,29.56999969482422,29.56999969482422,29.56999969482422,29.56999969482422,0
2025-04-23,30.219999313354492,30.219999313354492,30.219999313354492,30.219999313354492,0
2025-04-24,31.079999923706055,31.079999923706055,31.079999923706055,31.079999923706055,0
2025-04-25,31.09000015258789,31.09000015258789,31.09000015258789,31.09000015258789,0
2025-04-28,31.0,31.0,31.0,31.0,0
2025-04-29,31.139999389648438,31.139999389648438,31.139999389648438,31.139999389648438,0
2025-04-30,31.010000228881836,31.010000228881836,31.010000228881836,31.010000228881836,0
2025-05-01,31.200000762939453,31.200000762939453,31.200000762939453,31.200000762939453,0
2025-05-02,32.08000183105469,32.08000183105469,32.08000183105469,32.08000183105469,0
2025-05-05,32.04999923706055,32.04999923706055,32.04999923706055,32.04999923706055,0
2025-05-06,31.780000686645508,31.780000686645508,31.780000686645508,31.780000686645508,0
2025-05-07,31.780000686645508,31.780000686645508,31.780000686645508,31.780000686645508,0
2025-05-08,32.38999938964844,32.38999938964844,32.38999938964844,32.38999938964844,0
2025-05-09,32.43000030517578,32.43000030517578,32.43000030517578,32.43000030517578,0
2025-05-12,33.61000061035156,33.61000061035156,33.61000061035156,33.61000061035156,0
2025-05-13,33.790000915527344,33.790000915527344,33.790000915527344,33.790000915527344,0
2025-05-14,33.68000030517578,33.68000030517578,33.68000030517578,33.68000030517578,0
2025-05-15,33.720001220703125,33.720001220703125,33.720001220703125,33.720001220703125,0
2025-05-16,34.08000183105469,34.08000183105469,34.08000183105469,34.08000183105469,0
2025-05-19,34.08000183105469,34.08000183105469,34.08000183105469,34.08000183105469,0
2025-05-20,33.95000076293945,33.95000076293945,33.95000076293945,33.95000076293945,0
2025-05-21,33.09000015258789,33.09000015258789,33.09000015258789,33.09000015258789,0
2025-05-22,33.13999938964844,33.13999938964844,33.13999938964844,33.13999938964844,0
2025-05-23,33.09000015258789,33.09000015258789,33.09000015258789,33.09000015258789,0
2025-05-27,33.81999969482422,33.81999969482422,33.81999969482422,33.81999969482422,0
2025-05-28,33.31999969482422,33.31999969482422,33.31999969482422,33.31999969482422,0
2025-05-29,33.150001525878906,33.150001525878906,33.150001525878906,33.150001525878906,0
2025-05-30,33.13999938964844,33.13999938964844,33.13999938964844,33.13999938964844,0
2025-06-02,33.16999816894531,33.16999816894531,33.16999816894531,33.16999816894531,0
2025-06-03,33.56999969482422,33.56999969482422,33.56999969482422,33.56999969482422,0
2025-06-04,34.02000045776367,34.02000045776367,34.02000045776367,34.02000045776367,0
2025-06-05,34.09000015258789,34.09000015258789,34.09000015258789,34.09000015258789,0
2025-06-06,34.439998626708984,34.439998626708984,34.439998626708984,34.439998626708984,0
2025-06-09,34.56999969482422,34.56999969482422,34.56999969482422,34.56999969482422,0
2025-06-10,34.52000045776367,34.52000045776367,34.52000045776367,34.52000045776367,0
2025-06-11,34.38999938964844,34.38999938964844,34.38999938964844,34.38999938964844,0
2025-06-12,34.2400016784668,34.2400016784668,34.2400016784668,34.2400016784668,0
2025-06-13,33.619998931884766,33.619998931884766,33.619998931884766,33.619998931884766,0
2025-06-16,34.029998779296875,34.029998779296875,34.029998779296875,34.029998779296875,0
2025-06-17,33.91999816894531,33.91999816894531,33.91999816894531,33.91999816894531,0
2025-06-18,33.91999816894531,33.91999816894531,33.91999816894531,33.91999816894531,0
2025-06-20,33.939998626708984,33.939998626708984,33.939998626708984,33.939998626708984,0
2025-06-23,34.27000045776367,34.27000045776367,34.27000045776367,34.27000045776367,0
2025-06-24,34.56999969482422,34.56999969482422,34.56999969482422,34.56999969482422,0
2025-06-25,34.43000030517578,34.43000030517578,34.43000030517578,34.43000030517578,0
2025-06-26,34.72999954223633,34.72999954223633,34.72999954223633,34.72999954223633,0
2025-06-27,35.0099983215332,35.0099983215332,35.0099983215332,35.0099983215332,0
2025-06-30,35.06999969482422,35.06999969482422,35.06999969482422,35.06999969482422,0
2025-07-01,34.810001373291016,34.810001373291016,34.810001373291016,34.810001373291016,0
2025-07-02,34.900001525878906,34.900001525878906,34.900001525878906,34.900001525878906,0
2025-07-03,35.189998626708984,35.189998626708984,35.189998626708984,35.189998626708984,0
2025-07-07,34.880001068115234,34.880001068115234,34.880001068115234,34.880001068115234,0
2025-07-08,35.11000061035156,35.11000061035156,35.11000061035156,35.11000061035156,0
2025-07-09,35.540000915527344,35.540000915527344,35.540000915527344,35.540000915527344,0
2025-07-10,35.47999954223633,35.47999954223633,35.47999954223633,35.47999954223633,0
2025-07-11,35.040000915527344,35.040000915527344,35.040000915527344,35.040000915527344,0
2025-07-14,35.18000030517578,35.18000030517578,35.18000030517578,35.18000030517578,0
2025-07-15,34.72999954223633,34.72999954223633,34.72999954223633,34.72999954223633,0
2025-07-16,35.130001068115234,35.130001068115234,35.130001068115234,35.130001068115234,0
2025-07-17,35.29999923706055,35.29999923706055,35.29999923706055,35.29999923706055,0
2025-07-18,35.060001373291016,35.060001373291016,35.060001373291016,35.060001373291016,0
2025-07-21,34.91999816894531,34.91999816894531,34.91999816894531,34.91999816894531,0
2025-07-22,35.0099983215332,35.0099983215332,35.0099983215332,35.0099983215332,0
2025-07-23,35.33000183105469,35.33000183105469,35.33000183105469,35.33000183105469,0
2025-07-24,35.06999969482422,35.06999969482422,35.06999969482422,35.06999969482422,0
2025-07-25,35.290000915527344,35.290000915527344,35.290000915527344,35.290000915527344,0
2025-07-28,35.2400016784668,35.2400016784668,35.2400016784668,35.2400016784668,0
2025-07-29,35.0,35.0,35.0,35.0,0
2025-07-30,35.20000076293945,35.20000076293945,35.20000076293945,35.20000076293945,0
2025-07-31,34.70000076293945,34.70000076293945,34.70000076293945,34.70000076293945,0
2025-08-01,34.0,34.0,34.0,34.0,0
2025-08-04,34.619998931884766,34.619998931884766,34.619998931884766,34.619998931884766,0
2025-08-05,34.27000045776367,34.27000045776367,34.27000045776367,34.27000045776367,0
2025-08-06,33.959999084472656,33.959999084472656,33.959999084472656,33.959999084472656,0
2025-08-07,33.540000915527344,33.540000915527344,33.540000915527344,33.540000915527344,0
2025-08-08,33.15999984741211,33.15999984741211,33.15999984741211,33.15999984741211,0
2025-08-11,33.0099983215332,33.0099983215332,33.0099983215332,33.0099983215332,0
2025-08-12,34.33000183105469,34.33000183105469,34.33000183105469,34.33000183105469,0
2025-08-13,35.22999954223633,35.22999954223633,35.22999954223633,35.22999954223633,0
2025-08-14,34.849998474121094,34.849998474121094,34.849998474121094,34.849998474121094,0
2025-08-15,34.86000061035156,34.86000061035156,34.86000061035156,34.86000061035156,0
2025-08-18,35.0,35.0,35.0,35.0,0
2025-08-19,34.72999954223633,34.72999954223633,34.72999954223633,34.72999954223633,0
2025-08-20,34.709999084472656,34.709999084472656,34.709999084472656,34.709999084472656,0
2025-08-21,34.81999969482422,34.81999969482422,34.81999969482422,34.81999969482422,0
2025-08-22,35.88999938964844,35.88999938964844,35.88999938964844,35.88999938964844,0
2025-08-25,35.38999938964844,35.38999938964844,35.38999938964844,35.38999938964844,0
2025-08-26,35.5,35.5,35.5,35.5,0
2025-08-27,35.93000030517578,35.93000030517578,35.93000030517578,35.93000030517578,0
2025-08-28,36.099998474121094,36.099998474121094,36.099998474121094,36.099998474121094,0
2025-08-29,35.86000061035156,35.86000061035156,35.86000061035156,35.86000061035156,0
2025-09-02,35.400001525878906,35.400001525878906,35.400001525878906,35.400001525878906,0
2025-09-03,35.13999938964844,35.13999938964844,35.13999938964844,35.13999938964844,0
2025-09-04,35.40999984741211,35.40999984741211,35.40999984741211,35.40999984741211,0
2025-09-05,36.20000076293945,36.20000076293945,36.20000076293945,36.20000076293945,0
2025-09-08,36.279998779296875,36.279998779296875,36.279998779296875,36.279998779296875,0
2025-09-09,36.0099983215332,36.0099983215332,36.0099983215332,36.0099983215332,0
2025-09-10,35.79999923706055,35.79999923706055,35.79999923706055,35.79999923706055,0
2025-09-11,36.36000061035156,36.36000061035156,36.36000061035156,36.36000061035156,0
2025-09-12,35.869998931884766,35.869998931884766,35.869998931884766,35.869998931884766,0
2025-09-15,35.880001068115234,35.880001068115234,35.880001068115234,35.880001068115234,0
2025-09-16,36.09000015258789,36.09000015258789,36.09000015258789,36.09000015258789,0
2025-09-17,35.880001068115234,35.880001068115234,35.880001068115234,35.880001068115234,0
2025-09-18,36.689998626708984,36.689998626708984,36.689998626708984,36.689998626708984,0
2025-09-19,36.470001220703125,36.470001220703125,36.470001220703125,36.470001220703125,0
2025-09-22,36.58000183105469,36.58000183105469,36.58000183105469,36.58000183105469,0
2025-09-23,36.54999923706055,36.54999923706055,36.54999923706055,36.54999923706055,0
2025-09-24,35.97999954223633,35.97999954223633,35.97999954223633,35.97999954223633,0
2025-09-25,35.65999984741211,35.65999984741211,35.65999984741211,35.65999984741211,0
2025-09-26,35.959999084472656,35.959999084472656,35.959999084472656,35.959999084472656,0
2025-09-29,36.060001373291016,36.060001373291016,36.060001373291016,36.060001373291016,0
2025-09-30,36.06999969482422,36.06999969482422,36.06999969482422,36.06999969482422,0
2025-10-01,36.13999938964844,36.13999938964844,36.13999938964844,36.13999938964844,0
2025-10-02,36.5,36.5,36.5,36.5,0
2025-10-03,36.61000061035156,36.61000061035156,36.61000061035156,36.61000061035156,0
2025-10-06,36.650001525878906,36.650001525878906,36.650001525878906,36.650001525878906,0
2025-10-07,36.31999969482422,36.31999969482422,36.31999969482422,36.31999969482422,0
2025-10-08,36.779998779296875,36.779998779296875,36.779998779296875,36.779998779296875,0
2025-10-09,36.59000015258789,36.59000015258789,36.59000015258789,36.59000015258789,0
2025-10-10,35.61000061035156,35.61000061035156,35.61000061035156,35.61000061035156,0
2025-10-13,36.279998779296875,36.279998779296875,36.279998779296875,36.279998779296875,0
2025-10-14,36.61000061035156,36.61000061035156,36.61000061035156,36.61000061035156,0
2025-10-15,36.599998474121094,36.599998474121094,36.599998474121094,36.599998474121094,0
2025-10-16,36.43000030517578,36.43000030517578,36.43000030517578,36.43000030517578,0
2025-10-17,36.16999816894531,36.16999816894531,36.16999816894531,36.16999816894531,0
